director_id,영화 감독 이름
1,칸바라 나오토
2,와타나베 모토츠구
3,루스 플랫
4,토니 탕
5,세키네 카즈미
6,최우성
7,자레드 콘
8,타나카 야스후미
9,카네다 사토시
10,박선욱
11,나가에 타카미
12,코시자카 야스시
13,김태용
14,알렉세이 트시칠린
15,주지홍
16,야마우치 다이스케
17,하뉴 켄지
18,로저 스포티스우드
19,신카이 마코토
20,모튼 틸덤
21,카이하라 쿠리스 료
22,마크 다카스코스
23,시라이시 코지
24,유신의
25,조 베고스
26,제이슨 모모아
27,김정오
28,"소준문,김대견,신종훈"
29,해도
30,제임스 넌
31,칸바라 이쿠토
32,모리 히데토라
33,키베 코스케
34,스테판 레이놀즈
35,이상우
36,긴다이치 코고로
37,조셉 카스텔로
38,호리이 히카루
39,명석환
40,앤드류 트라우키
41,황백기
42,피터 잭슨
43,톰 포드
44,"헨리 유스트,아리엘 슐만"
45,폴 더드리지
46,저스틴 커젤
47,토시유키 카키바라
48,로버트 저메키스
49,맥시밀리언 엘펠트
50,김진혁
51,마크 C. 앤드류스
52,김소연
53,"포웰 로빈슨,패트릭 로버트 영"
54,김병준
55,케네스 카인츠
56,하야시카와 케이테루
57,"론 클레멘츠,존 머스커"
58,오데라 슌고
59,모건 네빌
60,사카모토 후토시
61,프레드 올렌 레이
62,송창수
63,김민식
64,이동현
65,한재림
66,자비에 돌란
67,"홍헌표,김석원"
68,야마우치 켄지
69,김성훈
70,이샤오싱
71,박성수
72,존 라이트
73,이케시마 유타카
74,고토 다이스케
75,마이클 보노모
76,릭 비버
77,마르틴 바르네비츠
78,알리 아바스 자파
79,김현수
80,탁승오
81,조창호
82,니콜라이 레베데프
83,곽회중
84,기대호
85,카를로 푸스코
86,조조 히데오
87,마사키 아이죠
88,키타자와 유키오
89,나쿠루 하라다
90,M.카사하라
91,브루스 폰테인
92,"브렛 바벨,드류 바벨"
93,노진수
94,임진승
95,팔로마 아귈레라 발데베니토
96,데니스 체르노프
97,파블로 라라인
98,레베카 밀러
99,이리단
100,박은호
101,제임스 최
102,타카하시 와타루
103,피터 버그
104,유진위
105,폴 W.S. 앤더슨
106,다라 오코넬
107,기타노 헤지메
108,김대현
109,블라드렌 바르베
110,다비드 비이어
111,키탄
112,다케다 히데오
113,"임정하,전일우,박형준,김양래"
114,오쿠 와타루
115,류신의
116,가스 데이비스
117,토마스 빈터베르그
118,줄리앙 세리
119,토모마츠 나오유키
120,타케호라 테츠야
121,정대만
122,정다원
123,테이 쟈가
124,"알렉스 브루어,벤자민 브루어"
125,나카야마 다이스케
126,아라키 타로
127,드니 빌뇌브
128,화니
129,곽승호
130,라이언 브룩하트
131,원석호
132,마스모토 쇼이치로
133,레쉐프 레비
134,D.J. 카루소
135,실비 베르헤드
136,크리센진
137,우다가와 다이고
138,야마모토 야스이치로
139,장뢰
140,김무원
141,스즈키 마사하루
142,마츠무라 아슈
143,박광현
144,올리비에 아사야스
145,올리버 스톤
146,"에릭 섬머,에릭 와린"
147,제임스 폴리
148,이상수
149,신도 레이
150,샤밈 샤리프
151,크리스 맥케이
152,타이투스 파
153,숀 케인
154,리사 이모르디노 브릴랜드
155,시몬 베호벤
156,바바라 톱소-로첸버그
157,김태수
158,카즈히데
159,시마무라 유키히코
160,지헌
161,마커스 셰이크셰프
162,아론 레만
163,오부치 아키라
164,알바로 페르난데즈 아메로
165,전문기
166,스티븐 스웰
167,마르살 포레스
168,조셉 와트너체니
169,얀 흐레베이크
170,최재후
171,케네스 로너건
172,마대윤
173,김태윤
174,마의성
175,고어 버빈스키
176,장예모
177,"마이크 미첼,월트 도른"
178,소리마치 루이
179,알베르토 로드리게즈
180,대니얼 콜롬비
181,리처드 홀름
182,데릭 보트
183,니시카와 미와
184,이두희
185,다나카 모토키
186,김대성
187,"빅터 마워,톰 바커"
188,박범수
189,멜 깁슨
190,석영오
191,김준성
192,오자키 히로코우지
193,오시마 아라타
194,M. 나이트 샤말란
195,벤피 네코
196,나카메구로 코우지
197,장성
198,채드 스타헬스키
199,이주영
200,배리 젠킨스
201,호승충
202,주성치
203,이토 토모히코
204,마니쉬 사르마
205,이강림
206,왕정
207,임대웅
208,다니엘 래거시스
209,사노 카즈히로
210,이마오카 신지
211,황정보
212,스테파노 밀라
213,마틴 스코세이지
214,크리스찬 세스마
215,니잠 라작
216,제프 니콜스
217,제임스 맨골드
218,이현하
219,이수연
220,조재민
221,폴 앤드류 윌리엄스
222,오우치 아이리
223,후지타 타츠로
224,하마노 사치
225,후지타 켄지
226,이나정
227,박민국
228,리차드 핼펀
229,안소니 루세로
230,쿠니사와 미노루
231,카토 요시카즈
232,마리오 반 피블스
233,에리카 러스트
234,로베르 르파주
235,데이빗 프랭클
236,공자관
237,닥터 필
238,데릭 시엔프랜스
239,바란 보 오다르
240,"안노 히데아키,히구치 신지"
241,조던 복트-로버츠
242,클로드 바라스
243,제프 레이즈너
244,테이트 테일러
245,타니자키 오사무
246,로쉬디 젬
247,야마자키 쿠니토시
248,하시모토 미츠오
249,한상희
250,김경원
251,아담 스핑크스
252,앤드류 존스
253,미카엘 두독 드 비트
254,존 팰론
255,사토 오사무
256,최무연
257,오우사 쿤
258,카와카미 유우
259,케빈 그루터트
260,제이슨 부케
261,빌 콘돈
262,"크리스피언 밀스,크리스 호프웰"
263,야마시타 노부히로
264,벤 영거
265,마이크 바인더
266,피터 첼섬
267,마렌 아데
268,이돌
269,김재수
270,오가와 테츠야
271,마렉 베네슈
272,인다 라나
273,티파니 슝
274,하세가와 카츠유키
275,김덕수
276,네지메 지로
277,S.세타니
278,토마스 바실레프스키
279,오인용
280,에란 크리비
281,스티븐 개건
282,에밀리오 마르티네즈 라자로
283,피에르 모렐
284,후카마치 츠요시
285,나카노 료타
286,김봉한
287,홍상수
288,시미즈 다이스케
289,루치아노 세이버
290,유위
291,토마스 비더게인
292,데이비드 지달리
293,키시 세이지
294,펭 페이
295,나현
296,피터 스펜서
297,데오도르 멜피
298,홍성수
299,크리스 메이저스
300,지길웅
301,루퍼트 샌더스
302,양경모
303,오우카 하야토
304,티노 스트럭맨
305,존 매든
306,당계례
307,사토 신스케
308,미셀 로갈스키
309,오미보
310,"데이빗 레이치,채드 스타헬스키"
311,앤 폰테인
312,이상일
313,킴 누옌
314,리루이쥔
315,"이윤호,허서형"
316,하라 케이노스케
317,첸 카이거
318,아르툠 악세넨코
319,바바라 윌리스 스위츠
320,치쿠도 테츠야
321,제이슨 R. 구드
322,윤대이
323,야마삐
324,이윤기
325,다니엘 에스피노사
326,마츠오카 다이히코
327,더스틴 마르첼리노
328,스테판 브리제
329,마틴 잔드블리엣
330,하비에르 구티에레즈
331,"리카르도 아나이즈,마이크 컨켈,라울 가르시아"
332,모흐센 마흐말바프
333,올레그 페센코
334,"욘 가라뇨,호세 마리 고에나가"
335,김헌
336,크리스티앙 릴테니우스
337,야마다 아카네
338,전재홍
339,유해진
340,이슬
341,주종백
342,헨리크 쿠토
343,스와미 M. 칸단
344,짐 쉐리단
345,김형협
346,F. 게리 그레이
347,스티븐 캔터
348,진도 마사아키
349,소노 시온
350,알렉상드르 아반치니
351,마이클 그랜다지
352,하워드 J. 포드
353,아베 노리유키
354,제이미 미첼
355,카시하라 타츠로
356,엘리자베스 이토
357,크리스티안 틸레만
358,이반 실베스트리니
359,존 리 행콕
360,크리스토퍼 파파칼리아티스
361,나초 비갈론도
362,장정관
363,저스틴 스틸
364,딘 이스라엘리트
365,윤학렬
366,이진
367,타나다 유키
368,요코야마 히로유키
369,요리다 헤이스케
370,노무라 카즈야
371,로니 에즈라
372,최진성
373,윤세영
374,스튜어트 하젤딘
375,주척여
376,하스미 에이이치로
377,이전
378,에로핑
379,로렌스 실버스타인
380,나루세 코코미
381,자렛 타놀
382,문현성
383,"홍주연,홍현정"
384,박인제
385,믹 잭슨
386,매튜 워처스
387,마르코 반 벨
388,강명진
389,천병철
390,야마시타 타츠로
391,나이젤 패터슨
392,"이달,고동우"
393,타다 슌스케
394,캘리 애스버리
395,김진성
396,후지모리 에이지
397,후지모리 타츠야
398,마초성
399,송정규
400,제임스 건
401,알버토 마르
402,톰 맥그라스
403,김형주
404,임아론
405,"뤽 다르덴,장 피에르 다르덴"
406,제이슨 티에슨
407,"마르코 J. 리들,카르스텐 파우트"
408,모리 신이치
409,앤드류 C. 어린
410,요시유키 유미
411,아마리아 올슨
412,이안 버논
413,나카노 료
414,조셉 J. 로손
415,카에데
416,야마다 나오코
417,이스라엘 루나
418,리들리 스콧
419,"정식,김휘"
420,루 추안
421,강금림
422,스튜어트 스파크
423,정인봉
424,로드리고 가르시아
425,케이지 프리오
426,슈우키
427,스티븐 C. 밀러
428,라이언 벨가드
429,사토 케이이치
430,신동일
431,브라이언 코인
432,아쉬가르 파라디
433,파브리스 카모인
434,톰 게티
435,로코 니시보치아
436,매튜 존 피어슨
437,조엘 노보아
438,박갑종
439,리 스콧
440,토미 타로
441,조던 필
442,장 사골
443,가이 리치
444,오자와 히토시
445,히나코
446,변성현
447,트란 안 홍
448,"도미니크 아벨,피오나 고든"
449,안재석
450,오오토모 케이시
451,신보 아키유키
452,R. 엘리스 프레이저
453,이케도리 유타카
454,미야케 요시시게
455,케탄 메타
456,타파스 차크라바르티
457,정량
458,조일준
459,브렌트 라이언 그린
460,카타오카 슈지
461,마에다 나오키
462,료 카미이
463,졸탄 미클로시
464,강유민
465,"요아킴 뢰닝,에스펜 샌버그"
466,아마엔보 쇼군
467,이세 린타로
468,츠지 히로유키
469,아소 마사히로
470,브래드 페이튼
471,안철호
472,이창재
473,이완 맥그리거
474,시오타 아키히코
475,나카무라 켄타로
476,박병환
477,미야자키 하야오
478,스테판 키작
479,츠키카와 쇼
480,자스민 디즈더
481,김소영
482,밤비노 푸린
483,파트나크 R. P.
484,린난
485,라이 루소 영
486,정윤철
487,에릭 쿠
488,조현훈
489,팻티 젠킨스
490,오츠루 키탄
491,마사 아다쿠
492,다이 시지에
493,나베 카츠오
494,최강호
495,알렉스 K. 리
496,채준우
497,임공삼
498,이동승
499,코디 칼라한
500,야마구치 켄타로
501,"이영준,김래경"
502,오상원
503,가오 시시
504,와타나베 키요시
505,후지타 미키오
506,와타나베 카즈야
507,다테 류지
508,오우치 사치코
509,조 헨드릭
510,이안 케스너
511,제이슨 두덱
512,사이먼 딕슨
513,브라이언 허즐링거
514,알렉스 커츠먼
515,최상진
516,신준
517,정병길
518,마츠오카 조지
519,에르네스토 콘트레라스
520,고봉수
521,민경호
522,곽영근
523,레이몬드 미치
524,기타노 다케시
525,레나트 다블레티아로프
526,쿠니자와 미노루
527,조은성
528,히데지 마쯔오이
529,닐 호너
530,히시다 마사카즈
531,크왓치
532,크리스토퍼 레이
533,롭 호크
534,앤드류 블랙
535,오츠키 에이지
536,양호열
537,안소니 디블라시
538,유키치 오츠카
539,앤 조라 베라치드
540,사카다 히로키
541,알렉스 드 라 이글레시아
542,"토비 젠켈,레자 메마리"
543,"이혁종,안정민,안정민"
544,"킴 드루지닌,안드레이 샬로파"
545,"양선,장춘"
546,에밀리 벨리비스
547,테레사 스트로젝
548,코지마 유카
549,애스크 해쎌바르크
550,김상찬
551,표도르 본다르추크
552,제스 오브라이언
553,폴 버호벤
554,디에고 아얄라
555,조선호
556,스튜어트 브레넌
557,나가오 쿠미코
558,이민
559,강정훈
560,조경훈
561,아담 베일리
562,"마의성,정태성"
563,김동현
564,브래들리 스트라이커
565,리비 쳉
566,마이클 베이
567,박문칠
568,제임스 폰솔트
569,대런 린 보우즈만
570,쥘리 로페스 퀴발
571,잭커리 애들러
572,에반 트라멜
573,타카하시 카즈히코
574,야나기자와 테츠야
575,에두아르 바에르
576,국만중
577,다이치로 나츠메
578,아키라 사토시
579,"밥 슐츠,로버트 콘웨이"
580,크리스토퍼 제임스 밀러
581,이준익
582,베리 레빈슨
583,린 유쉰
584,이사랑
585,"우광훈,데이빗 레드먼"
586,켈리 프레몬
587,"정가영,전선호,최진혁"
588,"롭 바드,존 발라즈"
589,데이비드 스토튼
590,이동우
591,봉준호
592,파스칼 엘비
593,이인항
594,이시카와 지로
595,"안드레 고든,데일 파브리가"
596,맷 히쉬
597,존 왓츠
598,토드 하이메스
599,아우
600,왕자명
601,케이트 쇼트랜드
602,유키사다 이사오
603,카리노나 마이
604,박석영
605,존 류지
606,요코야마 카즈히로
607,이승환
608,롭 라이너
609,에이슬링 월쉬
610,미켈 문크-팔스
611,아담 메이슨
612,자크 와니쉐
613,"장세정,변시연,강호준"
614,윤여창
615,임덕록
616,안드레아 아놀드
617,긴 류지
618,신진우
619,"김태일,주로미"
620,카토 미키오
621,브라이언 피
622,존 건
623,"오빈 올슨,아마리아 올슨"
624,호리이 아야
625,필립 구즈먼
626,매트 드럼몬드
627,마크 펠링톤
628,존 슐레진저
629,요하네스 로버츠
630,크리스토퍼 놀란
631,도봉산
632,프랑수아 오종
633,후지모리 켄타
634,타카사카 미키야
635,사릭 안드레아시안
636,이영
637,블라디미르 토로프킨
638,마르셀 바레나
639,하시모토 마사카즈
640,존 R. 레오네티
641,아담 스미스
642,우수바시 수이
643,펭 장 리
644,"피에르 꼬팽,카일 발다"
645,테렌스 맬릭
646,류승완
647,쉐인 아베스
648,"짐 오레어,다니엘 E. 테일러"
649,레이 오자키
650,제프 프루그
651,파이라크 쿰완
652,다니엘 미릭
653,알페르 카글라
654,시라이시 카즈야
655,카와사키 군지
656,조스 웨던
657,비타에 나스
658,조 카바나
659,켈리 메디슨
660,카와사키 쥰지
661,오오무라 다케오
662,일라이 로스
663,이주형
664,정미나
665,"샬롯 바렛,션 팰런"
666,토마스 로우스
667,시즈노 코분
668,하노 요시히로
669,토니 레온디스
670,장훈
671,시온 코마츠
672,빈 분루에릿
673,엘레노어 코폴라
674,김현빈
675,김현철
676,이상덕
677,윌리엄 올드로이드
678,수잔나 화이트
679,카토우 미사키
680,줄리아 듀코나우
681,알렉세이 페옥티스토프
682,제레미 우딩
683,래리 켄트
684,"닉 맥애널티,브라이언 앨런 스튜어트"
685,"제레미 드그루손,벤 스타센"
686,김주환
687,리테쉬 바트라
688,데이비드 F. 샌드버그
689,루이스 퀼레즈
690,타카하시 미타카
691,아돌포 마르티네즈 페레즈
692,다카하시 아츠시
693,시온 미키오
694,크리스티안 문쥬
695,크리스찬 두가이
696,리치 폭스
697,이영민
698,이도시
699,맷 리브스
700,마누크 데포얀
701,우메즈 카즈오
702,하니 아부 아사드
703,모치나가 히토시
704,박주영
705,사카모토 유지
706,크리스티앙 알바트
707,훌리오 메뎀
708,귀아광
709,이시가키 로쿠야
710,제이슨 플레밍
711,허정
712,나카타 히데오
713,최승호
714,엽위민
715,우치다 에이지
716,빈센트 저우
717,마이크 멘데즈
718,박훈정
719,니콜라이 아르셀
720,안드레 외브레달
721,정윤석
722,장 마리 프와레
723,클레망틴 드루디유
724,김문옥
725,카미야마 켄지
726,맷 포이트라스
727,키무라 켄지
728,사나다 키요시
729,니콜라스 베나무
730,베니 붐
731,"데이비드 비커스태프,필 그랩스키"
732,김영조
733,안 에몽
734,매니 에르난데스
735,얀 고즐런
736,김종관
737,양석우
738,스브야토슬라브 포드가에브스키
739,에릭 잉글랜드
740,정진호
741,"하지보,원구량"
742,하뉴켄지
743,전인환
744,패트릭 휴즈
745,뤽 베송
746,프레드 카바예
747,이상호
748,이덕희
749,K.웨스트
750,데이빗 레이치
751,쿠로사와 다이스케
752,오토모 가츠히로
753,빅터 라키소프
754,안재훈
755,아라 파이아야
756,노현진
757,이상민
758,구예도
759,산자이 가드비
760,니콜라이 쿠드랴쇼프
761,앨런 웅거
762,"키모 스탐보엘,티모 타잔토"
763,토니 글레이저
764,마이클 윌리엄스
765,이상훈
766,나딤 사우마
767,사카키 히데오
768,소피아 코폴라
769,안드레스 무시에티
770,원신연
771,닛타 노리오
772,한영희
773,그렉 맥린
774,라시드 드자이다니
775,히라바야시 이사무
776,드래곤 니시카와
777,스테파노 솔리마
778,레오폴도 아귈라
779,최석원
780,알렉산더 아야
781,릭 로젠탈
782,하미드 토라브푸르
783,마이클 로젤
784,비바 곤조
785,타케시 소네
786,쿠마자와 나오토
787,박은수
788,마츠모토 료
789,키무라 마닐라
790,브람 코펜스
791,"윤채아,유남선"
792,윤채아
793,노승탁
794,데니스 호
795,지안카를로 에스포지토
796,와타나베 고로
797,마이클 앱티드
798,송창용
799,한한
800,박선재
801,문소리
802,김광복
803,에드가 라이트
804,더그 라이만
805,필립 토드
806,하마니시 히카리
807,이마이즈미 리키야
808,아칸 사타예브
809,김양희
810,테일러 쉐리던
811,후안 안토니오 바요나
812,조정래
813,오품유
814,안토니 스미스
815,타카하라 히데카즈
816,란드 보슬러
817,존 클레인
818,미츠타케 쿠란도
819,성우진
820,나단 엠브로시오니
821,토미죠 타로
822,타카하시 오사무
823,안소니 오브라이언
824,마이크 화이트
825,곽건기
826,빅토르 마텔라노
827,에이프릴 뮬렌
828,김현석
829,오리올 파울로
830,"존 구옌,릭 반즈,올리비아 니르고르-홀름"
831,제임스 그레이
832,양뢰
833,페르난도 레온 데 아라노아
834,메이 천
835,제럴드 라시오나토
836,제다 토룬
837,알렉산다르 이비치크
838,김성욱
839,위고 젤랭
840,카와이 하야토
841,니콜 반 킬스돈크
842,제임스 콘델릭
843,조 헨린
844,"문창용,전진"
845,이승문
846,남연우
847,마이크 밀스
848,"우시로 신지,요코이 타케시"
849,로저 로스 윌리엄스
850,매튜 본
851,필립 로드리게즈
852,라몬 테르멘스
853,하이메 팔레로
854,요시다 야스히로
855,이토 히데히로
856,산토 루시아
857,찰리 빈
858,마이클 로우
859,삼도
860,브라이언 브로우
861,안금성
862,토도 채프카노브
863,카신 아츠코
864,무라야마 쿄스케
865,미야타케 유이
866,"탈 골드버그,갈 젤레즈니악"
867,카타오카 나루오
868,카와이 켄지
869,"안드레이 갈랏,막심 볼코브"
870,캘런 브런커
871,황동혁
872,강윤성
873,캐서린 하드윅
874,줄리오 소토 거피드
875,마크 웹
876,티보 타카스
877,티모시 우드워드 주니어
878,지안드레아 노세다
879,로엘 르네
880,니키 카로
881,프랭크 페레즈-가랜드
882,해리 클레븐
883,짐 위노스키
884,곽경택
885,미키 타카히로
886,르노 페리
887,오재학
888,브래드 앤더슨
889,김부곤
890,나베 아츠오
891,제니퍼 리아오
892,야마다 후토시
893,세츠나
894,에릭 섬머
895,트리스탄 로레인
896,에릭 틸
897,계장혁
898,스티븐 세인버그
899,카네시게 아츠시
900,이원태
901,맷 슈레이더
902,"딘 데블린,대니 캐넌"
903,이시즈카 아츠코
904,나루시마 이즈루
905,이안 카슨
906,최원준
907,대런 아로노프스키
908,마이클 알메레이다
909,임왕태
910,우베 볼
911,왕타오
912,"아드리안 부이텐후이스,데릭 머레이"
913,이나키 도론소로
914,안드레이 볼긴
915,트레이 에드워드 슐츠
916,츠루마키 카즈야
917,코가와 카즈히사
918,히로아키
919,한동호
920,드미트리어스 나바로
921,맥 린돈
922,베니 라우
923,타이카 와이티티
924,신수원
925,스티븐 프리어스
926,글렌 밀러
927,김재환
928,루시 워커
929,김동원
930,"장호준,이인의,박재영"
931,도효
932,네일 로우
933,산드라 네텔벡
934,애덤 로비텔
935,"라스무스 A. 실버르센,룬 스파안스"
936,장재혁
937,데이비드 비커스태프
938,벤자민 쿠퍼
939,장기원
940,쉐리 카욱
941,정성복
942,라이언 리틀
943,나타우트 푼프리야
944,"피터 스피어이그,마이클 스피어리그"
945,텐 샤오펑
946,진광교
947,호세 이반 산티아고
948,방은진
949,코지마 유지
950,가스파 노에
951,타카사카 유키오
952,정지우
953,지슬
954,사토 노리
955,앤드류 안
956,진모영
957,장유정
958,후카가와 요시히로
959,임태규
960,아카바네 류지
961,하마 류지
962,무카이 무네토시
963,제이크 메이어스
964,크리스토퍼 랜던
965,아카바네 키쿠지로
966,크리스찬 슈뵈초브
967,세타 나츠키
968,"키프 데이비슨,페드로 코스"
969,이안규
970,"도로타 코비엘라,휴 웰치맨"
971,코지마 유키오
972,후지타 마키
973,김철수
974,타케모토 노보루
975,이승원
976,프레드 쉐피시
977,정수웅
978,드레이크 도리머스
979,조영준
980,루스 엠마누엘
981,잭 스나이더
982,이용승
983,미츠나카 스스무
984,마크 윌리엄스
985,핼리 메이어스-샤이어
986,장 피에르 주네
987,이브게니 아피네예브스키
988,카타부치 스나오
989,스도 토모노리
990,"발레리 페리스,조나단 데이턴"
991,오기가미 나오코
992,신연식
993,쿠라타 미키오
994,나현태
995,토미오카 타다후미
996,타카오카 주이치
997,"노홍식,이영진"
998,사이먼 래틀
999,리암 개빈
1000,루이스 프리에토
1001,장창원
1002,키무라 히로유키
1003,후지와라 켄이치
1004,페드링 로페즈
1005,진가상
1006,김홍선
1007,가와세 나오미
1008,손태겸
1009,우테 폰 뮌쇼폴
1010,쥬세페 토르나토레
1011,백승우
1012,박규식
1013,알레인 드스로처스
1014,에드워드 양
1015,월터 힐
1016,루양
1017,팽수혜
1018,마이크 독스포드
1019,앤디 고다드
1020,패트리샤 로제마
1021,이기호
1022,그렉 아라키
1023,오스네 보 그레이브로크
1024,테렌스 데이비스
1025,김순수
1026,올리비에 파르톤나우드
1027,장항준
1028,손현우
1029,후루사와 다케시
1030,케네스 브래너
1031,브랜다이스 베리
1032,벤자민 레너
1033,최정민
1034,알레한드로 히달고
1035,마크 앳킨스
1036,아릴드 안드레센
1037,"존 브루노,앤드류 와이트"
1038,알리 사마디 아하디
1039,최낙권
1040,오경
1041,카메이 토오루
1042,송은주
1043,일디코 엔예디
1044,구로사와 기요시
1045,조성규
1046,후지모리 유타카
1047,이즈미 유스이
1048,오무라 키요시
1049,윤한민
1050,오무라 킨타로
1051,가토 이타야
1052,김두민
1053,"주제 마이아,프레드리코 핀토"
1054,제라드 배렛
1055,제이슨 홀
1056,아카바네 긴지로
1057,조나단 홉킨스
1058,유영의
1059,후쿠다 유이치
1060,타카사카 미타카
1061,휴고 프라타
1062,카일 라이드아웃
1063,마이클 쿠에스타
1064,증국상
1065,김대환
1066,마틴 로제트
1067,벤자민 로체르
1068,"제임스 프랭코,파멜라 로만노프스키"
1069,클림 시펜코
1070,벤 휘틀리
1071,허철
1072,권중목
1073,"김현호,윤제완"
1074,스즈키 키요타카
1075,오스틴 리딩
1076,사토 유타카
1077,요네바야시 히로마사
1078,"이민,이민"
1079,양우석
1080,임대형
1081,후지모리 카나
1082,"최종구,손병조"
1083,이숭환
1084,토마스 알프레드슨
1085,노위린
1086,안토니오 니그렛
1087,고레에다 히로카즈
1088,저스틴 채드윅
1089,쿠라타 아스카
1090,루크 고스
1091,엘라 렘하겐
1092,고로 사쿠라
1093,제이콥 쿠니
1094,박보상
1095,위 웨이 옌
1096,라이언 존슨
1097,"쿠마자와 나오토,이시오카 마사토"
1098,알렉스 머킨
1099,"이동현,이동현"
1100,데이빗 혼
1101,김용화
1102,오인천
1103,마이클 그레이시
1104,장희민
1105,"제이슨 프리먼,토드 E. 프리먼"
1106,티모시 렉카트
1107,퍼닐라 어거스트
1108,올리비에르 마샬
1109,토아 프레이저
1110,호거 태프
1111,짐 자무쉬
1112,유야마 쿠니히코
1113,오웬 해리스
1114,스콧 휠러
1115,타카하시 츠츠무
1116,오카다 히로
1117,야마가 타카유키
1118,제시 홀랜드
1119,장준환
1120,"조나단 밀롯,캐리 멀니온"
1121,스티븐 크보스키
1122,브라이언 A 밀러
1123,데이빗 로워리
1124,모리와키 마코토
1125,안선경
1126,김상철
1127,무라카미 쇼스케
1128,제이크 캐스단
1129,카를로스 살다나
1130,노토 히데미
1131,하마무라 토시로
1132,호아킨 로드리게즈
1133,마이클 데미언
1134,"조쉬 사프디,베니 사프디"
1135,"채준우,채준우"
1136,"윤채아,김승렬"
1137,마틴-크리스토퍼 보드
1138,"계장혁,계장혁"
1139,"김태수,김태수"
1140,리 언크리치
1141,바랫 낼러리
1142,K. 킹
1143,알렉산더 페인
1144,제시 하자
1145,"최석원,최석원"
1146,김재승
1147,유이치 사카모토
1148,칸 에브레놀
1149,크리스토퍼 애슐리
1150,웨스 볼
1151,선호빈
1152,이리에 유
1153,최성현
1154,박희준
1155,조 라이트
1156,숀 엘리스
1157,요시다 다이하치
1158,야구치 시노부
1159,하시모토 히로유키
1160,"리처드 클라우스,카스텐 킬러리치"
1161,"이상민,이상민"
1162,김보람
1163,김수정
1164,자오 샤오딩
1165,브렛 파이퍼
1166,자움 콜렛 세라
1167,이성재
1168,코이즈미 노리히로
1169,홍기선
1170,윌 워닉
1171,오우삼
1172,이용선
1173,션 베이커
1174,"알렉상드르 뷔스티요,줄리엔 모리"
1175,스캇 워프
1176,션 회쓰리
1177,우디 앨런
1178,"홍태선,임혁"
1179,토마스 아스트뤽
1180,민병국
1181,제임스 마크
1182,"김일란,이혁상"
1183,애덤 쉰들러
1184,크리스 리딩
1185,폴 왕
1186,브릿 네이피어
1187,야노 티카라
1188,"정진호,정진호"
1189,니콜라이 퓰시
1190,유아사 마사아키
1191,"노홍식,필동"
1192,마틴 귀귀
1193,"강정훈,강정훈"
1194,이완민
1195,연상호
1196,모지코 윈드
1197,게이브 클링거
1198,전국위
1199,노구치 테루오
1200,세키네 카즈요시
1201,제시 테레로
1202,시우룬
1203,"노엘 클리어리,세르지오 델피노"
1204,브렛 헤일리
1205,갤란 코넬
1206,브래드 더글라스
1207,김경훈
1208,대니 로우
1209,존 스톡웰
1210,게리 로스
1211,마틴 캠벨
1212,다니엘 지릴리
1213,리안 M. 케네디
1214,이재한
1215,폴 킹
1216,"야쿱 론스키,이라 카르페란"
1217,코르라도 보치아
1218,엠마 아산테
1219,라울 펙
1220,모리 기타로
1221,폴 질러
1222,김석윤
1223,크리스 페코버
1224,김규민
1225,홍헌표
1226,우에다 오토
1227,"조니 헌,이안 맨슨"
1228,트렌트 하가
1229,라이너 킬
1230,롤랑 조페
1231,아틸라 틸
1232,라이언 쿠글러
1233,저우시
1234,노동석
1235,원일구
1236,리처드 베이츠 주니어
1237,조근현
1238,엠씨짱
1239,세그 스코분
1240,안소니 C. 페란트
1241,전규환
1242,콜린 데이즈
1243,츠키카게 쿠로우
1244,마르코 매킬락소
1245,기예르모 델 토로
1246,"조성규,이규회,조성규"
1247,아담 그레블리
1248,이동은
1249,"범립흔,피터 웨버"
1250,등위봉
1251,브랜던 슬래글
1252,아란사 아귀레
1253,조태호
1254,맷 스파이서
1255,토미 위르콜라
1256,스티븐 스필버그
1257,신재호
1258,임순례
1259,히로키 류이치
1260,모토히로 카츠유키
1261,홍창표
1262,프란시스 로렌스
1263,윌리암 드 비탈
1264,보리스 웩슬러
1265,루카스 퀴아오
1266,에티엔느 코마
1267,이즈미 류지
1268,오무라 히데오
1269,다카사카 나쿠시
1270,뤽 자케
1271,김경택
1272,데이비드 맥비커
1273,프랑코 제피렐리
1274,이창희
1275,김경만
1276,조셉 코신스키
1277,로아 우타우
1278,"송우용,지혜원"
1279,진사성
1280,크레이그 질레스피
1281,김백준
1282,우스바시 스이
1283,강의석
1284,백철기
1285,레오 리
1286,사이몬 필립스
1287,다인 사이드
1288,폴 토마스 앤더슨
1289,후지타 카오루
1290,두기봉
1291,저스틴 프라이스
1292,루 사이먼
1293,김제영
1294,이장훈
1295,롭 코헨
1296,스티븐 소더버그
1297,이수성
1298,제이미 린든
1299,재키 카투
1300,모리 시게루
1301,웨인 블레어
1302,프레드 그리부아
1303,로빈 캄필로
1304,"신우,황연"
1305,김성호
1306,마틴 맥도나
1307,제이슨 세리
1308,스티븐 S. 드나이트
1309,크레이그 굿윌
1310,"세바스티안 로스타인,페데리코 로스타인"
1311,데이빗 트루에바
1312,우스바시 수이
1313,딩성
1314,루카 구아다니노
1315,고은기
1316,전고운
1317,김진태
1318,마르탱 프로보스트
1319,모리 준이치
1320,사카모토 마사히로
1321,이영준
1322,츠지 코우지
1323,이민환
1324,신성진
1325,커트 보엘커
1326,추창민
1327,정범식
1328,아즈말 자히르 아메드
1329,박은석
1330,아론 우들리
1331,데이빗 킨셀라
1332,갈재민
1333,대니 버데이
1334,세드릭 히메네즈
1335,토미 페어클로스
1336,사이먼 웰스
1337,리차드 존스
1338,시린 네샤트
1339,그레타 거윅
1340,최우제
1341,롤프 카네프스키
1342,제임스 프랭코
1343,줄리안 리처드
1344,브루노 뒤몽
1345,로데릭 카브리도
1346,방수인
1347,"시릴 디옹,멜라니 로랑"
1348,마스부치 가키토
1349,아사프 폴론스키
1350,후지타 이쿠로
1351,가토 마사키
1352,이병헌
1353,곽재용
1354,김지열
1355,이가라시 타쿠야
1356,로버트 다이크
1357,케말 우준
1358,그레고리 하타나카
1359,백마
1360,김무은
1361,김지영
1362,카와나미 에이사쿠
1363,"아론 우들리,애론 우들리"
1364,오멸
1365,앤디 서키스
1366,알렉산드로 카폰
1367,이광국
1368,허준형
1369,숀 하트
1370,존 크래신스키
1371,카즈야
1372,츠가루 타로
1373,알베르 뒤퐁텔
1374,"케일럽 스미스,브랜든 무어"
1375,최은정
1376,수닐 트리푸라네니
1377,코보
1378,아론 머티스
1379,왕지방
1380,박대원
1381,이한욱
1382,"조나단 실버맨,제니퍼 피니간"
1383,소유붕
1384,이성관
1385,세바스찬 렐리오
1386,브루스 맥도널드
1387,스콧 쿠퍼
1388,쿠마키리 카즈요시
1389,르네 페르즈
1390,장립가
1391,크리스찬 구드가스트
1392,엘리어트 레스터
1393,다비드 알로
1394,스튜어트 에반스
1395,유지영
1396,신조 타케히코
1397,문신구
1398,코고나다
1399,남현수
1400,올리비에 아슬랭
1401,"노승택,노승택"
1402,트래비스 베인
1403,"신봉철,박후인"
1404,이재남
1405,니테쉬 티와리
1406,라스무스 A. 실버르센
1407,김진묵
1408,"안소니 루소,조 루소"
1409,칼 크리스티안 라베
1410,로버트 에드워즈
1411,클레르 드니
1412,세르지오 맨피오
1413,김충녕
1414,알렉산더 코페르
1415,김동후
1416,현재훈
1417,"벤 커밍스,오슨 커밍스"
1418,안드레 고든
1419,김영민
1420,김용완
1421,데이빗 프레슬리
1422,크리스토퍼 휠든
1423,미구엘 A. 페레르
1424,"필립 립스키,요르겐 레르담"
1425,세드릭 클래피쉬
1426,조이 주
1427,"마르코 두트라,줄리아나 로자스"
1428,심화신
1429,카이 히로카즈
1430,오무라 켄타로
1431,닉 파크
1432,"쿠람 H. 알라비,아이만 자말"
1433,토드 헤인즈
1434,에밀 에드윈 스미스
1435,나카이 유키오
1436,릭 로먼 워
1437,마이클 슘웨이
1438,진나이 타카노리
1439,궈징밍
1440,김대웅
1441,로저 메인우드
1442,이시하라 타츠야
1443,야누스 메츠
1444,구자환
1445,임현태
1446,구스 반 산트
1447,"조나단 데이턴,발레리 페리스"
1448,후지타 야스오
1449,롭 W. 킹
1450,조쉬 멘도자
1451,마이클 베리
1452,윌 글럭
1453,카와무라 타이스케
1454,리차드 쉔크만
1455,사준의
1456,박기복
1457,존 매튜스
1458,"닐 나이팅게일,베리 쿡,앤드류 코헨"
1459,시미즈 준지
1460,장영주
1461,타카하시 후지미
1462,에른스트 고스너
1463,마이클 윈터바텀
1464,이진명
1465,임혜영
1466,장-스테판 브롱
1467,이창동
1468,위르겐 플림
1469,제프 와드로
1470,이해영
1471,김다니엘
1472,필립 매시제윅
1473,사이먼 웨스트
1474,오피르 라울 그라이저
1475,론 하워드
1476,백승화
1477,"마운,초나"
1478,이조훈
1479,슈브하시슈 부티아니
1480,장양
1481,이경원
1482,스베토자르 리스토브스키
1483,H.카와사키
1484,드레이크 도레무스
1485,조 마지오
1486,"올리비에르 나카체,에릭 토레다노"
1487,고경민
1488,벤 루윈
1489,지안밍 후앙
1490,타쿠마 친
1491,김종우
1492,조세 조필리
1493,주목
1494,캐서린 비글로우
1495,세르쥬 보종
1496,미나미카와 타츠마
1497,김우석
1498,키무라 켄타
1499,"카와마타 히로시,히로 타카시마"
1500,딩 스
1501,아비 콘
1502,아리 에스터
1503,코야마 사토루
1504,오다 노부마사
1505,마크 누탈
1506,로드리고 H. 비라
1507,디에고 벨라스코
1508,후지모리 준이치
1509,제이 알라이모
1510,호세 파딜라
1511,시라하 미츠히토
1512,알렉산드라 딘
1513,네쿄쿠 타란티노
1514,"박 윙 얀,신 항 치우"
1515,존 소올스
1516,야스히코 요시카즈
1517,"토마스 보덴스타인,마커스 하먼"
1518,이언희
1519,마이클 크럼
1520,루이스 바론
1521,"아녜스 바르다,제이알"
1522,오우치 유키오
1523,라시드 하미
1524,스티븐 쉬블
1525,앤드류 벨웨어
1526,니콜라스 메짜나토
1527,히토시 이시카와
1528,이경섭
1529,자비에 르그랑
1530,카말 반살
1531,마이클 모한
1532,칸 울카이
1533,웨스 앤더슨
1534,스콧 스피어
1535,"앤드류 어윈,존 어윈"
1536,크지슈토프 루카스제빅즈
1537,엽위신
1538,"류장하,양종현,윤창모,정허덕재"
1539,"펜튼 베일리,랜디 바바토"
1540,진명
1541,미키 코이치로
1542,팀 헌터
1543,미첼 알티에리
1544,님로드 잘마노아이즈
1545,마크 레빈
1546,헤 질리
1547,민규동
1548,매튜 아바야
1549,다니엘 칼파소로
1550,진진
1551,"유지영,정가영,김태진,정가영"
1552,백승빈
1553,히라야나기 아츠코
1554,안드레이 크라프추크
1555,마시에이 피에프르지카
1556,페트라 볼프
1557,이철민
1558,최나니
1559,신예지
1560,마현진
1561,닐 존슨
1562,카스퍼 홀텐
1563,넷쿄쿠 타란티노
1564,에츠로
1565,"안드레아스 클리멘트,안드레 헤데토프트"
1566,마이클 워커
1567,장 클로드 브리소
1568,페이튼 리드
1569,조엘 홉킨스
1570,오가와 킨야
1571,마크 길
1572,밥 야리
1573,오오무라 타쿠야
1574,가브리엘 살바토레
1575,나영창
1576,양동량
1577,리엄 워싱턴
1578,와타나베 모토즈쿠
1579,알트욤 루키체프
1580,사카타 히로키
1581,킴 차피론
1582,앨리슨 이스트우드
1583,브라디미르 보르초
1584,스튜어트 코넬리
1585,유해종
1586,치바 다이스케
1587,타케우치 히데키
1588,로슨 마샬 터버
1589,구파도
1590,시멘 알스빅
1591,나베 유키오
1592,제프리 St. 줄스
1593,조지 클루니
1594,가토 코우지
1595,엽영건
1596,요르고스 란티모스
1597,타론 렉스톤
1598,타카사카 유타
1599,톰 커크
1600,찰스 매튜
1601,임영훈
1602,요시다 코타
1603,타란 킬램
1604,호세 마누엘 크라비오토
1605,존 슈이츠
1606,최상훈
1607,유위강
1608,크리스 크로우
1609,마이클 쇼월터
1610,드류 피어스
1611,후지모토 죠지
1612,"박중하,신지현,김상혁,지화자"
1613,세바스티안 페릴로
1614,브래드 버드
1615,브라이언 테일러
1616,토르스텐 쿤스틀러
1617,이케지마 유타카
1618,오카다 마리
1619,노승택
1620,마틴 쿨호벤
1621,정민규
1622,핫시이
1623,이환
1624,마이클 메이슨
1625,브라이언 오맬리
1626,토드 버로우즈
1627,마이클 레드우드
1628,로버트 애드튜이
1629,마이크 클래튼버그
1630,하우메 발라게로
1631,스티븐 루크
1632,김지운
1633,시모무라 유지
1634,김병갑
1635,이재상
1636,필립 귀엔
1637,크리스토퍼 맥쿼리
1638,안드레아 팔라오로
1639,최민
1640,마이위수
1641,키리시마 아키코
1642,오오쿠노 마코토
1643,미타니 유키오
1644,크리스 반스
1645,다니엘 B. 이스크
1646,야마자키 쿠니노리
1647,시즈미 다이케이
1648,김종민
1649,유리 바실리에프
1650,우미야마 테루카즈
1651,Z.아라이
1652,"최신규,김진철"
1653,"케이트 멀리비,로라 멀리비"
1654,제레미 루터
1655,코르넬 문드럭초
1656,와타나베 유키오
1657,루벤 외스틀룬드
1658,이브라힘 하타미키아
1659,다카하시 미키오
1660,토마스 던
1661,테리 리 코커
1662,이마이시 히로유키
1663,칼레드 카이사르
1664,세르지오 G. 산체즈
1665,윤종빈
1666,올 파커
1667,타치카와 유즈루
1668,젠디 타타코브스키
1669,필동
1670,"감수성,강수성"
1671,돈 호에
1672,페드로 아길레라
1673,후지모리 나카오
1674,로스 휘태커
1675,브렛 벤트먼
1676,와타나베 타케시
1677,아라시야마 미치루
1678,아이토르 유발리
1679,크리스토퍼 포브스
1680,궈커
1681,조규장
1682,요아킴 트리에
1683,존 터틀타웁
1684,이마이 카즈아키
1685,이일하
1686,아르니 올라푸르 아스게이르손
1687,김재한
1688,아타이 유야
1689,코지마 유이치
1690,"정완경,안상진"
1691,엘자 디링거
1692,라맨 허
1693,로렌스 파울러
1694,박배일
1695,조단 F. 간마
1696,디제이 레드
1697,테이트 스타인시크
1698,수잔나 포겔
1699,이석근
1700,"바시코 베도슈빌리,이반 프숀킨,안드레이 콜핀"
1701,김인선
1702,우에다 신이치로
1703,아카바 키쿠지로
1704,크리스토프 즐라닉
1705,매튜 터리
1706,단빙
1707,케빈 맥도널드
1708,님로드 안탈
1709,서기주
1710,스테파노 포다
1711,데이비드 A. 프라이어
1712,다니엘 그로브
1713,크리스티얀 밀릭크
1714,크리스 슈에르만
1715,변혁
1716,미우라 다이스케
1717,크리스토퍼 스미스
1718,레베카 즐로토브스키
1719,마르잔 사트라피
1720,아니쉬 차간티
1721,"백재호,이희섭"
1722,돔 카루코스키
1723,부르한 군
1724,프레드 완
1725,신동석
1726,장태령
1727,댄 알렌
1728,나베 아츠시
1729,닉 라이온
1730,"세기연,마이클 파커"
1731,닉 사이먼
1732,파블로 솔라즈
1733,발타자르 코루마쿠르
1734,정재은
1735,아론 소킨
1736,"마크 컬렌,롭 컬렌"
1737,하나부사 츠토무
1738,갈리나 미클리노바
1739,리 워넬
1740,라스무스 터지티스
1741,하리츠 쥬빌라가
1742,가토 유야
1743,심찬양
1744,리차드 탠
1745,피어리 레저널드 테오
1746,노예 산타릴 로페즈
1747,프레이저 브래드쇼
1748,차룡
1749,미겔 앙헬 비바스
1750,쉐인 블랙
1751,허종호
1752,리양우
1753,안나 브로이노스키
1754,이마리오
1755,토미나가 마사노리
1756,제임스 B. 콕스
1757,유키히로 모리가키
1758,"장준엽,진청하,전신환"
1759,김의석
1760,마츠타니 미츠에
1761,마테오 로베르
1762,린 오딩
1763,강효진
1764,준오
1765,마르틴 하이네
1766,박희곤
1767,이종석
1768,김광식
1769,코린 하디
1770,"울프강 라우엔슈타인,크리스토프 라우엔슈타인"
1771,토니 조피아
1772,최정우
1773,도미닉 쿡
1774,예스퍼 갠스란트
1775,정미화
1776,앤드류 헤이
1777,유승택
1778,러스탐 모사피르
1779,우시로 신지
1780,조셉 마자페로
1781,엠마누엘 산도발
1782,조원희
1783,장우진
1784,"강대만,유승택"
1785,나카무라 마코토
1786,스탠리 투치
1787,매튜 라이언 앤더슨
1788,마우리지오 델 피콜로
1789,주준봉
1790,존 스티븐슨
1791,게리 왕
1792,루벤 플레셔
1793,필리다 로이드
1794,카토 타카오
1795,마크 포스터
1796,김태균
1797,린 램지
1798,앤디 에드워드
1799,마이클 밀러
1800,폴 부쉬
1801,장두만
1802,마크 램프렐
1803,"이안 보노트,피터 에트귀"
1804,리스 에벤센
1805,안드레아 무냐이니
1806,"애슐리 젠슨,테랜스 M. 영"
1807,에디 렝겔
1808,백인규
1809,해리 쿠퍼
1810,정은경
1811,마이크 데블린
1812,브래들리 쿠퍼
1813,나카자와 쇼지로
1814,"조나단 베이커,조쉬 베이커"
1815,이지원
1816,조하네스 로버츠
1817,프레데릭 와이즈만
1818,마이클 수지
1819,"그랜드 콥스 마라드,메흐디 이디르"
1820,마르코 툴리오 지오다나
1821,박용주
1822,"박소진,배세웅"
1823,카토 미키
1824,데이브 패튼
1825,닉 모리스
1826,크리스토퍼 로렌스 채프먼
1827,브라이언 카발라로
1828,"홀든 앤드루스,이반 아센,빅터 마티유"
1829,알렉산더 바바에브
1830,마츠모토 준
1831,데이미언 셔젤
1832,올리버 달리
1833,엘리야 바이넘
1834,이시다 히로야스
1835,박진영
1836,대니 스트롱
1837,준세
1838,딘 데블린
1839,클라이브 톤지
1840,타키모토 토모유키
1841,이오리 료코
1842,아사기리 키요시
1843,마크 L. 레스터
1844,김희영
1845,손일성
1846,"마놀로 크루즈,카를로스 델 카스티요"
1847,김재식
1848,라야
1849,"알렉스 오렐,에두와르도 슐츠"
1850,카를라 시몬
1851,존 추
1852,제이크 골드버거
1853,아카텐 세이타블라예프
1854,칼 멘데스
1855,성기만
1856,폴 맥기건
1857,장유근
1858,올리버 파커
1859,감수성
1860,카렌 샤크나자로브
1861,제임스 김
1862,론 손턴
1863,안도 본
1864,토비 토비아스
1865,추상미
1866,권경원
1867,마사시 코이즈카
1868,"오오모리 타카히로,이토 히데키"
1869,카와이 조지
1870,앤드류 하얏트
1871,데이빗 고든 그린
1872,브라이언 싱어
1873,이재규
1874,정가영
1875,미시마 유키코
1876,리처드 라니
1877,토드 바투
1878,브렛 사이먼
1879,아리 산델
1880,마메자와 마메타로
1881,임진순
1882,필리프 라슈
1883,로스 캐츠
1884,알렉세이 유치텔
1885,우메자와 소이치
1886,"제임스 프랭코,브루스 티에리 청"
1887,개리 앤드류스
1888,하프슈타인 군나르 지그라쏜
1889,맷 에스칸다리
1890,"마틴 코틱,이나 예블라니코바"
1891,한 지에
1892,마르셀라 링콘 곤잘레스
1893,장률
1894,유영선
1895,후지모리 아키나
1896,후지모리 켄이치
1897,정완경
1898,데이빗 예이츠
1899,노규엽
1900,리차드 론크레인
1901,박준수
1902,노버트 케일
1903,윤재호
1904,샤디 스로어
1905,우시지마 신이치로
1906,막심 볼코브
1907,감자
1908,양중문
1909,김정환
1910,네이선 올리버
1911,마우스 수와나
1912,미햐엘 슈투르밍어
1913,훌리오 세자르 오하시
1914,민이
1915,장모
1916,에릭 바르비에
1917,최낙희
1918,허버트 베일란드
1919,제이슨 라이트맨
1920,차성덕
1921,마이클 무어
1922,토마스 스터버
1923,라세 할스트롬
1924,앤드류 플레밍
1925,프랑크 가스탐비드
1926,김민호
1927,김정호
1928,"조나단 엘러스,패트릭 워드 퍼킨스"
1929,최국희
1930,심재희
1931,오토 바서스트
1932,페데 알바레즈
1933,사울 딥
1934,"안정민,안정민"
1935,스티븐 홀
1936,황규일
1937,롭 팔라티나
1938,썬더 레빈
1939,펫카냐 스릴란다
1940,빅터 아즈에프
1941,정성일
1942,"마티아스 브런,테드 시저"
1943,멜라니 로랑
1944,백감독
1945,베타 타카오
1946,후지모리 유키오
1947,타마츠카 빙고
1948,사루 타카시
1949,키타노 마지메
1950,와타나베 나카오
1951,해리 록
1952,이권
1953,윤준상
1954,크리스찬 리버스
1955,도노반 마시
1956,강유선
1957,전수일
1958,"라세 할스트롬,조 존스톤"
1959,헬피 카르딧
1960,켄시 후시하라
1961,도날드 페트리
1962,사카모토 코이치
1963,라이언 넬슨
1964,도나토 카리시
1965,유강
1966,카니에
1967,후지타 하야오
1968,아감
1969,김한석
1970,제니퍼 웨스트콧
1971,"밥 퍼시케티,피터 램지,로드니 로스맨"
1972,알폰소 쿠아론
1973,임효겸
1974,데얀 제체비치
1975,폴 페이그
1976,윤용진
1977,그레고리 플로킨
1978,김이슬
1979,윤중부
1980,지산겸
1981,장혜영
1982,마이클 메이어
1983,빅터 레빈
1984,다카사카 미노루
1985,다카사카 유타카
1986,후지모리 다카야
1987,콜린다 봉거스
1988,루돌프 부이텐닥
1989,스콧 윈드하우저
1990,사노 B사쿠
1991,제레미 M. 인맨
1992,데이브 파커
1993,제이미 웨스턴
1994,이정
1995,제임스 완
1996,강백호
1997,우민호
1998,스콧 모시어
1999,야지마 테츠오
2000,강형철
2001,샐리 포터
2002,마민지
2003,게르게이 포뇨
2004,데이비드 L.G. 휴즈
2005,하이파 알-만수르
2006,앨리슨 쉐르닉
2007,정민용
2008,니콜라스 윈터
2009,한상호
2010,트래비스 나이트
2011,김병우
2012,이재금
2013,소피 브룩스
2014,톰 나이젤
2015,김의곤
2016,페르난도 프랑코
2017,매트 화이트크로스
2018,송재덕
2019,임경택
2020,파올로 타비아니
2021,수지 유잉
2022,키릴 세레브렌니코프
2023,밋치 굴드
2024,해스래프 둘룰
2025,리치 무어
2026,니콜라이 콤메리키
2027,사루
2028,금패진
2029,카니에 미키
2030,후지타 아츠시
2031,코지마 히데오
2032,타카사카 켄타로
2033,시즈카만
2034,엄유나
2035,피터 패럴리
2036,제임스 콕스
2037,마르크 로테문트
2038,"최신규,유재운"
2039,시게루 이시하라
2040,에릭 자라고자
2041,제프 시나삭
2042,크레이그 맥닐
2043,아시프 아크바르
2044,후지모리 히데오
2045,사토 미키오
2046,"오성윤,이춘백"
2047,호소다 마모루
2048,조 코니쉬
2049,크리스토퍼 젠킨스
2050,조석현
2051,스콧 제프리
2052,이시카와 케이
2053,정대건
2054,오오모리 타츠시
2055,미셀 하자나비시우스
2056,"백승환,하수민,정인희,지일주,백승환"
2057,요지 오노
2058,앤드류 루모어
2059,제임스 오클레이
2060,조니 마틴
2061,안드레스 코투리어
2062,나기라 겐조
2063,나카니시 켄지
2064,나딘 라바키
2065,마사츠 구아시
2066,브렛 반휘네커
2067,빌리 체이스 고포드
2068,파스칼 로지에
2069,이강현
2070,조지아 리
2071,김빛나
2072,미키 웨셀
2073,테에자가
2074,사샤 베넷
2075,딜런 복스
2076,한준희
2077,김중현
2078,딘 데블로이스
2079,테킨 길긴
2080,나츠메 다이이치
2081,피에르 라파그
2082,한스 노이엔펠스
2083,제임스 토마스
2084,로버트 로드리게즈
2085,이종은
2086,마이크 미첼
2087,파벨 파블리코브스키
2088,나가이 아키라
2089,올레그 트로핌
2090,하비에르 페서
2091,사카모토 레이
2092,시타쿠치비루 아츠코
2093,도리스 되리에
2094,노세기
2095,타카사카 미타니
2096,마크 청
2097,카스텐 킬러리치
2098,노지타니 우미
2099,이민재
2100,이한
2101,조시 루크
2102,나단 몰랜도
2103,롭 마샬
2104,나가미네 타츠야
2105,이시이 유야
2106,존 칼라스
2107,사카이 카즈오
2108,한스 페터 몰란트
2109,린 사우더랜드
2110,딘 테일러
2111,장재현
2112,스티븐 카플 주니어
2113,에두와르도 엘 산체스
2114,제프 르로이
2115,"더그 바이로,존 파인"
2116,라스 폰 트리에
2117,타카하시 반메이
2118,니쿠 미코토
2119,츠치다 준페이
2120,김유성
2121,웨이밍 황
2122,브라이언 크라노
2123,모현신
2124,"토마스 자보,헬레네 지라드"
2125,조민호
2126,코사카 키타로
2127,비욘 룬게
2128,"박호찬,박수진"
2129,마이클 노어
2130,임정환
2131,페데리코 쿠에바
2132,크리스 선
2133,스즈키 켄이치로
2134,다나카 켄타로
2135,고바야시 이치로
2136,마에다 마사토
2137,"애너 보든,라이언 플렉"
2138,나루토 세이지
2139,J.Y 타이요
2140,오드리 데이너
2141,최창환
2142,파올로 소렌티노
2143,저스틴 루이스
2144,위타야 통유용
2145,라파엘 리바스
2146,A.K. 스트롬
2147,시미즈 다이케이
2148,나츠메 타이치로
2149,토리하마 히로시
2150,하마구치 류스케
2151,다니엘 와이즈
2152,"아르나드 부롱,안톤 크링스"
2153,대니 보일
2154,안톤 젠코비치
2155,클린트 이스트우드
2156,바네사 필류
2157,마이클 데이빗 파테
2158,신상민
2159,윤미아
2160,한스 바인가르트너
2161,정희재
2162,츠지 코지
2163,"모셰 라이저,파트리스 코리에"
2164,이정범
2165,박누리
2166,이수진
2167,막심 파디브
2168,피에르 쉘러
2169,이나바루
2170,우에바 쇼
2171,안톤 시규르드손
2172,페다루 이케타니
2173,고든 와델
2174,매튜 로스
2175,다렌 폴 피셔
2176,겐부
2177,시스위 우수바
2178,워시 웨스트모어랜드
2179,프랭키 첸
2180,구스타브 몰러
2181,조 페나
2182,박영철
2183,팀 버튼
2184,박영주
2185,김지혜
2186,핀 테일러
2187,콘래드 파라이
2188,로스 베노커
2189,킴 드루지닌
2190,"벳시 웨스트,줄리 코헨"
2191,사다이 요코시마다
2192,김서연
2193,조슈 이자무
2194,에지리 다이
2195,이종언
2196,이창근
2197,임준현
2198,박근영
2199,백승기
2200,사라 코랑겔로
2201,매튜 해멧 노트
2202,니콜라스 맥카시
2203,여균동
2204,최현영
2205,시바야마 겐지
2206,세오 무타레빅
2207,코메이
2208,후지모리 히카리
2209,타카사카 미쿠치
2210,저스틴 밸도니
2211,닐 마샬
2212,"케빈 콜쉬,데니스 위드미어"
2213,최정자
2214,폴 슈레이더
2215,아담 맥케이
2216,해럴드 즈워트
2217,"김원기,윤민채"
2218,김윤석
2219,이영용
2220,브렌든 멀다우니
2221,사토 타케루
2222,와타나베 켄이치
2223,잭 아라이
2224,타노미 소카이도
2225,히이라기 엔부
2226,닐 존스
2227,미구엘 앙헬 우리에가스
2228,최병욱
2229,"정용주,정용주"
2230,김성기
2231,마이클 차베즈
2232,프란트 궈
2233,마이크로 챠우
2234,"류장하,손미"
2235,알리나 체빅
2236,찰스 마틴
2237,김재희
2238,크가미 무투고로
2239,아만도 이아누치
2240,강지은
2241,안드레이 즈비아긴체프
2242,알렉스 매소네트
2243,사쿠라비 카츠시
2244,차지민
2245,제프 레드크납
2246,에릭 스타일스
2247,그렉 맥길리브레이
2248,카를로스 페레르
2249,"황일,황일"
2250,케어 버로우스
2251,브뤼노 포달리데
2252,모하메드 호세인 마흐다비안
2253,미즈노 시게노리
2254,라우라 비스푸리
2255,구두문두르 아르나르 구드문드손
2256,"김현호,윤창섭,김현호"
2257,레오 셔먼
2258,"제임스 콘델릭,존 콘델릭"
2259,로베르트 슈벤트케
2260,마시밀리아노 세르치
2261,리디아 스타이어
2262,지오지오 세라피니
2263,육상효
2264,"마이클 갤밴,세바스찬 바질"
2265,"크리스찬 하스,안드레아 블록"
2266,박두혁
2267,줄리아 하트
2268,저스틴 리
2269,앤디 밋튼
2270,파커 도리스
2271,스즈키 켄지
2272,니시무라 켄타
2273,산고 코타로
2274,천성준
2275,오다 마나부
2276,스즈키 코스케
2277,앤소니 마라스
2278,미이케 다카시
2279,비행
2280,숀 로버트 스미스
2281,롭 레터맨
2282,졸탄 풀레
2283,"앤디 콜리어,투어 미안"
2284,미셸 프랑코
2285,피터 헤지스
2286,코바야시 유키
2287,정철진
2288,홍승완
2289,진재운
2290,백석동
2291,이호경
2292,패디 브레스내치
2293,"아르튀르 드 팽,알렉시스 듀코드"
2294,나가사키 켄지
2295,마크 브라운
2296,타케시 코쿠류
2297,시이 미칸
2298,노보리토 잇폰스기
2299,아사하라 유조
2300,김선웅
2301,장규성
2302,강상우
2303,"장 피에르 다르덴 ,뤽 다르덴"
2304,이토 나오유키
2305,브라이언 핸슨
2306,세르게이 기즈부르크
2307,테리 길리엄
2308,루이자 워렌
2309,백재호
2310,데이빗 야로베스키
2311,"나쿠루 하라다,토미죠 타로"
2312,요다 테라카고
2313,노기자카 료타로
2314,마이클 도허티
2315,미셸 오슬로
2316,M. 차가타이 토순
2317,"김서윤,강이관,부지영"
2318,안주영
2319,유선동
2320,차오루 하쓰
2321,찬드라세카란
2322,타쿠마 타카유키
2323,아녜스 바르다
2324,"차인표,전혜림"
2325,필 그랩스키
2326,최헌규
2327,손전림
2328,윤준세
2329,배기원
2330,리차드 이어
2331,사토 미유키
2332,다카하시 노부유키
2333,다카사카 나오미
2334,아야노코우지 이쵸쿠센
2335,쥬조
2336,요시다 쇼
2337,덱스터 플레처
2338,사숙빈
2339,사이먼 킨버그
2340,제시 V. 존슨
2341,마츠나가 다이시
2342,라스 클리브버그
2343,신우
2344,필립 예디케
2345,코사카 야마나카
2346,미나토야 켄타로
2347,미나마 다이치
2348,나가후치 츠요시
2349,타라스 카이미흐
2350,신재천
2351,아쿠 루히미스
2352,톰 페이튼
2353,자레드 벤틀리
2354,타쿠마 진
2355,빌리 루이스
2356,니시타니 히로시
2357,로버트 페르난데스
2358,미미 레더
2359,김휘근
2360,후지타 요이치
2361,하디 모하메디안
2362,랜스 데일리
2363,닐 버거
2364,달라스 모건
2365,김덕
2366,자코포 스피레이
2367,이창준
2368,사카이 미토미
2369,파벨 드로즈도프
2370,잇신타
2371,미스터빽
2372,이승현
2373,빌 홀더먼
2374,이원영
2375,알리체 로르와커
2376,조시 쿨리
2377,피터 리볼시
2378,미카엘 하네케
2379,안톤 메거딕체브
2380,이호근
2381,한우리
2382,"이진명,유승택"
2383,이즈미 신타
2384,시바타니 코고로
2385,닐 조단
2386,게리 도버먼
2387,이정호
2388,미카엘 허스
2389,조동희
2390,로프 피터 칼
2391,알렉세이 시도로프
2392,마리 몽쥬
2393,조니 우
2394,미키 맥그래거
2395,최진욱
2396,이재훈
2397,이준학
2398,허밍
2399,젯니풋 사슁
2400,사이토 타쿠미
2401,원종식
2402,코마고메 추
2403,"강동완,김한라,임오정"
2404,릭 오스터만
2405,조 실
2406,세타가야 히로시
2407,키타로우 하루마
2408,후카가와 지로
2409,니시다 유키오
2410,다카하시 켄타로
2411,맹우
2412,하인트제이 피터
2413,타다시 코마고메
2414,남대중
2415,마티외 웨슐러
2416,웨스 밀러
2417,고정욱
2418,스테이시 패숀
2419,하원준
2420,히라야마 미호
2421,톰 볼프
2422,바비 모레스코
2423,존 버
2424,이지은
2425,김래이
2426,브렛 도노후
2427,요시다 누마
2428,존 파브로
2429,율심박
2430,"믹 개리스,조 단테,기타무라 류헤이,데이빗 슬레이드"
2431,이가온
2432,게도 하루히코
2433,질 를르슈
2434,사샤 버로우
2435,켄 스콧
2436,임자총
2437,호세 몬테시노스
2438,"박일호,정지훈,이승호"
2439,바람 타바콜리
2440,빅토르 가르시아
2441,조나단 레빈
2442,조철현
2443,나가오카 치카
2444,다미안 존 하퍼
2445,에스더 비알라스
2446,고봉
2447,미키 데자키
2448,홍성호
2449,앤드류 부자스키
2450,S.A. 헤일우드
2451,더그 니콜
2452,폴 하이엣
2453,데이빗 뉴튼
2454,비간
2455,장 폴 시비락
2456,미시마 로쿠사부로
2457,김진수
2458,배효상
2459,잠파
2460,이상근
2461,크리스 리노드
2462,율리안 로제펠트
2463,오렌 무버만
2464,윤웅대
2465,알렉산더 보이코브
2466,쥘 드 메스트르
2467,나가세 하루오
2468,다케다 하루오
2469,사사키 유하라
2470,요시다 카미유
2471,"라이언 콜루치,드래건 로가노빅"
2472,시온 하루네
2473,시온 아라키
2474,나가시키 히로
2475,시온 히비키
2476,칼 린드버프
2477,카가와 켄타로
2478,다케다 유지
2479,나카무라 켄지
2480,서럽 밴 오먼
2481,피터 스트레이
2482,"정귀호,이민환,석진욱"
2483,오쿠야마 히로시
2484,세르지오 그라시아노
2485,랜달 라이트
2486,김상규
2487,임흥순
2488,송원근
2489,아이노 슌사쿠
2490,제리 G. 안젤로
2491,정현수
2492,조르주 패디
2493,찰리 스티즈
2494,스테이시 타이틀
2495,딜런 브라운
2496,데이비드 청
2497,닉 와터스
2498,조던 베이커
2499,루크 제이든
2500,"알렉스 호게이,브라이언 비달"
2501,김진원
2502,정다운
2503,데이빗 크렌츠
2504,소피 후버
2505,웨인 로버츠
2506,유은정
2507,넥스트쿄쿠
2508,마토노미야 켄고
2509,쿠로아카 긴조
2510,아사프 베른슈타인
2511,김주호
2512,칼로스 호프레
2513,댄 바론
2514,"복운석,신혜진"
2515,게리 허스트윗
2516,제니 게이지
2517,윤가은
2518,왕운비
2519,자끄 드미
2520,에릭 콜리
2521,알폰소 고메즈-레존
2522,헨드릭 팔러
2523,마스이 소이치
2524,마키무라 츄타
2525,하이파다쿠 세키쇼
2526,스테파노 모르디니
2527,버드맨 텟페이
2528,데이빈 렝겔
2529,아지즈 진다니
2530,스리람 라그하반
2531,히무 롯쿠
2532,조이예환
2533,콘스탄틴 셸레토프
2534,김보라
2535,어일선
2536,"닐스 볼브링커,토마스 틸슈"
2537,토미 왕
2538,우기상
2539,크리스티안 래트
2540,소영환
2541,후지타 미카
2542,나카야마 켄지
2543,후지타 마유
2544,타카사카 카타오
2545,나베 히데오
2546,닐스 테일러
2547,존 허즈펠드
2548,줄리앤 블록
2549,맥스 밍겔라
2550,오치아이 켄
2551,다니엘 패런즈
2552,지일주
2553,최효원
2554,왕민철
2555,게일 맨쿠소
2556,나카지마 유키오
2557,아카바네 료이치
2558,후지모리 니카이도
2559,니시무라 켄지
2560,이즈미 료이치
2561,니시다 하라오
2562,쿠라타 켄타로
2563,니시다 츠츠미
2564,타카드 신지
2565,매티 벡커맨
2566,후사코 유사키
2567,김레리
2568,권오광
2569,김환
2570,리노 디살보
2571,이계벽
2572,손용호
2573,한승우
2574,플로리안 데이비드 핏츠
2575,"션 빙햄,제프 홀"
2576,혼마 타마
2577,미키 키팅
2578,김진홍
2579,마츠모토 미노루
2580,질스 파겟-브레너
2581,데이빗 M. 로젠탈
2582,데이빗 로버트 밋첼
2583,증헌림
2584,캐린 쿠사마
2585,펠릭스 반 그뢰닝엔
2586,"마이클 스피어리그,피터 스피어이그"
2587,치 키옹 청
2588,최성은
2589,이성태
2590,"곽경택,김태훈"
2591,조나 힐
2592,크리스티앙 볼크만
2593,제이슨 스톤
2594,제프리 나흐마노프
2595,쿠엔틴 타란티노
2596,알렉스 라나리벨로
2597,이옥섭
2598,"그레고르 뮐러,앤 르왈드"
2599,"미란다 하코트,스튜어트 맥켄지"
2600,제스 본드
2601,폴 웨이츠
2602,주나 테나
2603,피에르 살바도리
2604,"로스 W. 클락슨,필리페 마르티네즈"
2605,가이-로저 듀버트
2606,박철우
2607,로드리고 코르테스
2608,우메츠 토모미
2609,한가람
2610,장형윤
2611,우르술라 맥팔레인
2612,호쿠시 겐지
2613,이철
2614,김성종
2615,코너 알린
2616,김한결
2617,마리나 네페도바
2618,네이든 리온
2619,토드 필립스
2620,지미 리 콤즈
2621,용수
2622,헤이키 치로
2623,아사기리 조
2624,피터 레페니오티스
2625,김준식
2626,사피 네부
2627,현진식
2628,후지모리 하루카
2629,야마다 하타루
2630,타카시마 유키오
2631,코자카이 토오루
2632,쿠라타 유키오
2633,카사이 마사히로
2634,다니엘 로비
2635,도미닉 스미스
2636,나카다니 유키오
2637,라비 우드야와르
2638,후지모리 기타로
2639,다카하시 하루카
2640,사다오카 사다오
2641,후지모리 타쿠야
2642,사토 키쿠치
2643,오자와 토오루
2644,도미니크 하우저
2645,이안
2646,정혁기
2647,"라지브 칠라카,비나약 다스"
2648,크리스 버틀러
2649,피터 허칭스
2650,로저 미첼
2651,고명성
2652,리차드 킴
2653,정형석
2654,백승환
2655,최성길
2656,보그다나 베라 로렌츠
2657,로랑 펠리
2658,"아마리아 올슨,오빈 올슨"
2659,장적사
2660,"브랜도 베네통,마리엘 우즈"
2661,전계수
2662,기요로기 폴피
2663,박용집
2664,후지이 미치히토
2665,야마다 친
2666,조성현
2667,리누스 드 파올리
2668,예고르 바라노프
2669,박범준
2670,마누엘 J. 가르시아
2671,반태경
2672,톰 하퍼
2673,조엘 코엔
2674,요아킴 뢰닝
2675,한동연
2676,사무엘 곤잘레스 주니어
2677,제임스 오
2678,김도영
2679,데이비드 미쇼
2680,바실리 로벤스키
2681,"앤더스 마테센,토르비욘 크리스토퍼센"
2682,애드리언 그런버그
2683,시진 유지
2684,자비 마이 더 히옙
2685,파올로 제노베스
2686,피터 달
2687,김레이
2688,스톰 애쉬우드
2689,애드바이트 찬단
2690,하라 케이이치
2691,알리 아바시
2692,시오타니 나오요시
2693,타라 우드
2694,팀 밀러
2695,이은상
2696,차야놉 분프라콥
2697,킴 파란트
2698,아나벨 얀켈
2699,"조은지,부은주,송예진,곽은미,조은지"
2700,톰 도나휴
2701,윤형철
2702,잔 에리
2703,김석만
2704,김민우
2705,"그렉 티어넌,콘래드 베논"
2706,리건
2707,제임스 아이보리
2708,압델하미드 부크낙
2709,박주환
2710,바이 슈에
2711,엘리자베스 촘코
2712,마이크 플래너건
2713,케빈 소르보
2714,소륜
2715,정지영
2716,루퍼트 와이어트
2717,나카이즈미 유야
2718,이동원
2719,카스파 앤시스
2720,윤신양
2721,마리아 피터즈
2722,파티 아킨
2723,김유리
2724,김병기
2725,마르가레테 발만
2726,이민우
2727,이성한
2728,"크리스 벅,제니퍼 리"
2729,후 보
2730,쥐스틴 트리에
2731,정수
2732,고훈
2733,빔 벤더스
2734,제임스 마쉬
2735,마르코 벨로치오
2736,전후석
2737,"김승협,박수민"
2738,"송창용,송경용"
2739,지성원
2740,마이크 건서
2741,하라다 칸토나
2742,비비안 나에프
2743,노아 바움백
2744,로렌 스카파리아
2745,"하윤재,하윤재"
2746,개빈 후드
2747,김승우
2748,에코다 본타
2749,서초
2750,이주호
2751,박제범
2752,김형진
2753,시드니 폴락
2754,김수기
2755,정야광
2756,허인무
2757,"피터 첼섬,틸 슈바이거,다이아나 애그론,데니스 간젤,마시 태지딘,대니 레비"
2758,신양중
2759,이장희
2760,조영광
2761,숀 쿠
2762,강유가람
2763,황송
2764,데니스 베리
2765,지오반니 베로네시
2766,마이클 고이
2767,김하라
2768,페르난도 메이렐레스
2769,"신아가,이상철"
2770,이규철
2771,박균이
2772,다니엘 파레
2773,아시프 카파디아
2774,"루이 클리시,알렉상드르 아스티에"
2775,알랭 샤바
2776,장-폴 루브
2777,"남태제,김성환"
2778,쉐인 샐러노
2779,허안화
2780,원명준
2781,정양광
2782,안토니오 투블렌
2783,이동준
2784,최정열
2785,"이해준,김병서"
2786,켄 로치
2787,변영규
2788,니콜 가르시아
2789,구모
2790,박영임
2791,권만기
2792,"엠마 데이비,모라그 맥키넌"
2793,최민현
2794,벤 스타센
2795,톰 후퍼
2796,"로버트 렌스,알렉세이 트시칠린"
2797,폴 다노
2798,허진호
2799,줄리언 슈나벨
2800,롤랜드 에머리히
2801,브라이언 커크
2802,곽동철
2803,박용철
2804,신해강
2805,박준석
2806,J.J. 에이브럼스
2807,스벤 운터발트 주니어
2808,미즈시마 츠토무
2809,세르게이 모크리츠키
2810,강성옥
2811,민병우
2812,줄리언 파리노
2813,에다 유카
2814,조지
2815,"아딜 엘 아르비,빌랄 팔라"
2816,기욤 이베르넬
2817,손재곤
2818,셀린 시아마
2819,미카엘 헤르비그
2820,윤원규
2821,조바른
2822,미구엘 아테타
2823,바이트 헬머
2824,데이빗 아부카야
2825,최원섭
2826,"닉 브루노,트로이 콴"
2827,"로레타 달포죠,미셸 볼론테"
2828,릴리 피니 자눅
2829,"와드 알-카팁,에드워드 와츠"
2830,조민재
2831,김진우
2832,김진호
2833,심용
2834,변희선
2835,윤지혜
2836,한대위
2837,유서준
2838,페드로 알모도바르
2839,김광빈
2840,캐시 얀
2841,알리 자마니 에스마티
2842,카나사키 타카오미
2843,레이먼드 후버
2844,이정석
2845,이왕규
2846,제프 파울러
2847,"쿠로아카 긴조,사노 B사쿠"
2848,유성호
2849,얀 코마사
2850,김용훈
2851,"리처드 펠런,윌 베처"
2852,"존 루카스,스콧 무어"
2853,샘 멘데스
2854,더그 볼링거
2855,강동헌
2856,리 토시오
2857,플로리안 헨켈 폰 도너스마르크
2858,곽민규
2859,"이용남,음정현"
2860,칸테미르 발라고프
2861,어텀 드 와일드
2862,김희성
2863,이길보라
2864,홍수동
2865,월리스 브라더스
2866,프린스턴 홀트
2867,앤드류 댄
2868,윌리엄 브렌트 벨
2869,내쉬 에드게톤
2870,김초희
2871,안토닌 보드리
2872,송정우
2873,정의신
2874,"찰리 라이트닝,게빈 피츠제럴드"
2875,코이케.Jp
2876,에릭 프리에들러
2877,이로운
2878,기 나티브
2879,앨리스 웨딩턴
2880,조성빈
2881,마츠오카 쿠니히코
2882,정승오
2883,루퍼트 굴드
2884,김정권
2885,"이정민,오미선"
2886,후지타 하루카
2887,오키타 슈이치
2888,안네 세비스퀴
2889,나카시마 테츠야
2890,아르노 데 팔리에르
2891,코토우라 사이로
2892,에도가와 후타로
2893,칼 헌터
2894,오드리 커밍스
2895,플로리아 시지스몬디
2896,"가한진,후닝 유안"
2897,"T.G. 헤링턴,대니 클린치"
2898,필립 슈톨츨
2899,이종기
2900,윤경식
2901,정도수
2902,올가 고로데츠카야
2903,팍품 웡품
2904,박준식
2905,채여준
2906,알렉스 켄드릭
2907,헥터 헤르난데즈 비센스
2908,정태준
2909,아담 이집트 모티머
2910,제이슨 레이 하우덴
2911,조지 A. 로메로
2912,레이첼 그리피스
2913,박세민
2914,안드레아 디 스테파노
2915,니기나 사이풀라에바
2916,곽정
2917,지풍승
2918,미야케 쇼
2919,최형렬
2920,임지환
2921,존 A. 루소
2922,김인식
2923,박철웅
2924,조던 루빈
2925,루시 보리튜
2926,바트 프룬디치
2927,크레이그 조벨
2928,미츠아키 이와고
2929,"월트 도른,데이빗 P.스미스"
2930,세드릭 클라피쉬
2931,윤은경
2932,장적재
2933,"주동,대몽영"
2934,게리 할버슨
2935,피터 시걸
2936,조소구
2937,최종태
2938,그레이엄 빅
2939,마리우스 프티파
2940,넬슨 리
2941,타카하시 히로시
2942,배효민
2943,코랄리 파르쟈
2944,이현승
2945,마크 카레트
2946,에릭 헤이든
2947,임성용
2948,줄리엔 라페뉴
2949,니사 하디만
2950,제임스 파우웰
2951,크리스 샌더스
2952,후쿠자와 카츠오
2953,이희섭
2954,강태호
2955,프랑소아 지라드
2956,니콜라스 베도스
2957,토드 로빈슨
2958,원금린
2959,신효성
2960,데이브 윌슨
2961,조슈아 레오나드
2962,김진유
2963,야마자키 타카시
2964,아론 하비
2965,윌리엄 유뱅크
2966,필립파 로소프
2967,모하메드 하미디
2968,윤성준
2969,지혜원
2970,오원재
2971,앙트완 블로시에르
2972,채수응
2973,전지희
2974,김희정
2975,손원평
2976,데지레 아카반
2977,이영인
2978,니샤 가나트라
2979,박재석
2980,"김봉한,신승환"
2981,박상현
2982,브라이언 드 팔마
2983,안카 다미안
2984,"티에리 데마이지에르,알반 테우를라이"
2985,피에르 올리비에 프랑수아
2986,김태규
2987,최찬호
2988,야마구치 요시타카
2989,댄 스캔론
2990,론 스캘펠로
2991,코다마 켄지
2992,김량
2993,브누와 쟉꼬
2994,최윤태
2995,정진영
2996,올렉 스텝첸코
2997,조일형
2998,카림 아이노우즈
2999,릭 로버츠
3000,로드 라스젠
3001,라시드 부샤렙
3002,김덕영
3003,켄 마리노
3004,마이클 폴리쉬
3005,백지훈
3006,심혜정
3007,힐러리 셰익스피어
3008,몬티 란쿄쿠
3009,크리스티안 펫졸드
3010,사키타마 조지
3011,카를로 미라벨라 데이비스
3012,마크 캔튜
3013,볼프강 페터젠
3014,마리오 마르토네
3015,카즈마
3016,마크 브램블
3017,제이 로치
3018,오즈 퍼킨스
3019,이돈구
3020,"카이야 토시히사,유아사 마사아키"
3021,이난
3022,장재일
3023,구수환
3024,요아힘 헤덴
3025,맹진사
3026,박돌이
3027,존 노이마이어
3028,김호
3029,도이 노부히로
3030,순 하이펑
3031,마키타 카오리
3032,최진철
3033,방현준
3034,파코 카베자스
3035,하코타 유코
3036,이반 아탈
3037,자일스 앨더슨
3038,양길영
3039,숀 패트릭 오렐리
3040,마티아스 마르지유
3041,성운아
3042,조창열
3043,"장 피에르 다르덴,뤽 다르덴"
3044,김범삼
3045,박한진
3046,김종석
3047,마르코 크레즈페인트너
3048,"마영민,이상묵"
3049,기예르모 이반
3050,토니 밴크로프트
3051,홍원찬
3052,루 주네
3053,이대길
3054,시미즈 하지메
3055,로스 보야스크
3056,이철하
3057,올레말라므
3058,"아틀 솔버그 블락세트,프랭크 모스볼드"
3059,파스칼 쾨노
3060,론 칼슨
3061,알렉세이 샤파레프
3062,아틸라 사스
3063,말릭 베이더
3064,심요한
3065,빈센트 소베라노
3066,벤 스미스
3067,존 쉬
3068,전우성
3069,료타
3070,데니 장
3071,윌리엄 켄트리지
3072,신태연
3073,마크 먼든
3074,임선애
3075,김미례
3076,오정석
3077,윤단비
3078,애슐리 해밀턴
3079,진 류지
3080,마이클 메일러
3081,코고로 킨다이치
3082,마크 레스터
3083,"한동호,조금환"
3084,김민경
3085,손승현
3086,에릭 브레스
3087,정세교
3088,마크 스티븐 존슨
3089,정형민
3090,야마토 유키
3091,모리카와 케이
3092,와카마츠 쇼군
3093,김춘수
3094,존 하이암스
3095,조쉬 분
3096,정연경
3097,이건우
3098,스티븐 바우터루드
3099,자라 헤이즈
3100,아카츠키 신타로
3101,아이바 켄타
3102,고혼마츠 사에
3103,서정희
3104,길 정거
3105,데이브 프랑코
3106,"만스 말린드,비욘 스테인"
3107,장-프랑소와 리셰
3108,이세일
3109,에바 가르도스
3110,로메오 카스텔루치
3111,텐사이 후지타
3112,조슬예
3113,사이유키
3114,최재훈
3115,문정윤
3116,로드 루리
3117,돈 밀러
3118,김재현
3119,시바타 히로키
3120,데이빗 마탈론
3121,구재은
3122,제임스 쿨렌 브레삭
3123,신정원
3124,강대규
3125,앤드류 로렌스
3126,아이스링 친-이
3127,와타나베 아유무
3128,"유야마 쿠니히코,사카키바라 모토노리"
3129,라이너 홀제메르
3130,다미아노 미키엘레토
3131,빈센트 갸루
3132,이와나가 스토루네
3133,사사키 히로히사
3134,이하
3135,박혜령
3136,로저 컴블
3137,케빈 먼로
3138,"피에르 그레코,낸시 플로렌스 사바드"
3139,리차드 링클레이터
3140,"한유원,강동완,김남석"
3141,창
3142,이동환
3143,조쉬 트랭크
3144,허동우
3145,한길수
3146,타카하시 시게하루
3147,"임일진,김민철"
3148,끌로드 를르슈
3149,앨리스 위노코
3150,홍의정
3151,김정식
3152,서하늘
3153,로비 마이클
3154,이종필
3155,에바 허슨
3156,구윤주
3157,전수경
3158,"베리 코스키,마이클 베이어"
3159,한제이
3160,김태영
3161,로베르 게디기앙
3162,한태의
3163,피에트로 마르첼로
3164,야만카 소쿠스
3165,헤르베르트 폰 카라얀
3166,"오두경,김성훈,권아영,정다이"
3167,"김태진,송원준,이진영"
3168,이시카와 킨
3169,타케다 케이시
3170,돈 E. 폰트르로이
3171,박정배
3172,윤석호
3173,토마스 베주차
3174,고키겐 요
3175,멜라니 샤르본느
3176,마틴 술릭
3177,타카기
3178,타나카 스나오
3179,후나다 테루유키
3180,전지원
3181,최하나
3182,이시다테 타이치
3183,황승재
3184,김성민
3185,박지완
3186,주현일
3187,"전재홍,김지한"
3188,데이빗 핀처
3189,데이비드 에이어
3190,클로드 라롱드
3191,김동일
3192,송정율
3193,딘 패리소트
3194,소피 드라스프
3195,시온
3196,M.J. 버세트
3197,겐겐
3198,오영근
3199,앤드류 헤클러
3200,이시바시 클리트
3201,레반 아킨
3202,이환경
3203,판위린
3204,파렌 블랙번
3205,프란시스 포드 코폴라
3206,피엣 드 라이커
3207,야마구치 히카루
3208,이입명
3209,김덕중
3210,마이클 멜스키
3211,김록경
3212,카를로스 클라이버
3213,라이언 머피
3214,최환
3215,박윤진
3216,봉준영
3217,마르코 폰테코르보
3218,고토지 미츠루
3219,야마나카 소쿠스
3220,류타
3221,탐라 데이비스
3222,김규현
3223,크리스토퍼 모리스
3224,노거경
3225,임성관
3226,이미해
3227,문승욱
3228,관후
3229,패콘
3230,판
3231,데이비드 하인즈
3232,"척 콘젤만,캐리 솔로몬"
3233,최종학
3234,마리아 소달
3235,아르노 비야르
3236,대니 레너
3237,호소카와 켄
3238,"빅 포니,스티브 리"
3239,알렉스 스타더만
3240,찰스 마틴 스미스
3241,끌로드 베리
3242,제니퍼 켄트
3243,김형기
3244,요크 샤클톤
3245,김태식
3246,나카지마 타로
3247,"김용진,박중석"
3248,"벤 스타센,제레미 드그루손"
3249,김성준
3250,아그네츠카 홀란드
3251,루카스 돈트
3252,올더디센 하노
3253,제이슨 R. 밀러
3254,로버트 루케틱
3255,신우찬
3256,악셀 브라운
3257,김정욱
3258,타마르 반 덴 도프
3259,파울라 반 데르 우에스트
3260,에릭 라티고
3261,고두현
3262,임재영
3263,"노구치 테루오,야마모토 키요시"
3264,문은주
3265,진옥훈
3266,시부야 슈이치
3267,후카자와 요시후미
3268,피트 닥터
3269,제이콥 체이스
3270,선우용
3271,"양재준,이나연,이준섭,여장천"
3272,유발 애들러
3273,등연성
3274,피에르 프랑소와 마틴 라발
3275,제프 청
3276,류건
3277,빈센조 알피리
3278,올리비아 와일드
3279,오윤동
3280,소토자키 하루오
3281,이인의
3282,이태겸
3283,리카르도 샤이
3284,다니엘 바렌보임
3285,이대희
3286,뱅상 파로노
3287,최은종
3288,폴 레이든
3289,룰루 왕
3290,김창석
3291,김현탁
3292,홍지영
3293,마이클 마키마인
3294,버르너바시 토트
3295,소니아 앤더슨
3296,"이태슬,김성윤"
3297,정지승
3298,이희성
3299,요정정
3300,아이작 에즈반
3301,앨버트 반 스트리엔
3302,타구치 토모히사
3303,배종대
3304,김정민
3305,빈센트 페라스
3306,오오하시 아키요
3307,J 블레이크슨
3308,박동훈
3309,"이새별,신효진"
3310,안혜영
3311,키에론 J 월쉬
3312,안소니 파워
3313,서인천
3314,팀 힐
3315,팀 스토리
3316,이지나
3317,에머랄드 펜넬
3318,이와이 슌지
3319,서은영
3320,황욱
3321,안티 조키넨
3322,스에자와 케이
3323,봉수
3324,김감독
3325,디미트리 로고데티스
3326,이상영
3327,박상훈
3328,미르가 그라치니테-틸라
3329,쇼텐 시로
3330,이충범
3331,정이삭
3332,박현용
3333,레이 우
3334,자파르 파나히
3335,테드 코체프
3336,폴 외이
3337,"돈 홀,카를로스 로페즈 에스트라다"
3338,김진욱
3339,김무영
3340,리암 오도넬
3341,마틴 슈라이어
3342,아담 랜달
3343,하바나 마킹
3344,사토 후토시
3345,조 카나한
3346,브랜든 크로넨버그
3347,주남
3348,손원경
3349,나카지마 토모코
3350,연주윤
3351,문정동 쪼형
3352,나카시마 타케시
3353,루크 이브
3354,로빈 라이트
3355,페트르 가르도스
3356,리스 오스볼
3357,스타니슬라브 카프랄로브
3358,미할 로사
3359,김동해
3360,알렉사 박
3361,미카 라이언스
3362,존 패트릭 셰인리
3363,한현석
3364,양정웅
3365,카와구치 케이이치로
3366,에도마사
3367,정연준
3368,카부토가니
3369,아담 윈가드
3370,"오스카르 멜란데르,토르드 다니엘손"
3371,이수정
3372,마이클 페이퍼
3373,미야자카 타케시
3374,타무라 코타로
3375,채밀결
3376,김건
3377,임석진
3378,데렉 후이
3379,"아론 무어헤드,저스틴 벤슨"
3380,주현숙
3381,예시카 하우스너
3382,키토루네 가와구치
3383,워렌 P. 소노다
3384,"한소리,이선영,김경범,오세희"
3385,전인호
3386,신민철
3387,엠마 단테
3388,딜란 베이커
3389,손승민
3390,유리 L. 슈바르츠
3391,츠카모토 신야
3392,"타일러 닐슨,마이클 슈왈츠"
3393,플로리안 젤러
3394,데이비드 볼트
3395,론 쉐르픽
3396,김나경
3397,일리야 나이슐러
3398,조 린치
3399,임진소
3400,박선주
3401,이창무
3402,아이삭 플로렌틴
3403,김영희
3404,파보 웨스터버그
3405,안나 알피에리
3406,클로이 자오
3407,이용주
3408,전성기
3409,에디 황
3410,유준상
3411,서유민
3412,남승석
3413,조애나 코츠
3414,사쿠라 후부키
3415,로버트 로렌즈
3416,조진모
3417,연태흠
3418,타니구치 고로
3419,용PD
3420,요코야마 쇼이치
3421,와타나베 아이
3422,"다니엘 바렌보임,데보라 워너"
3423,박혜연
3424,최제승
3425,클로스 드렉셀
3426,가브리엘 세블로프
3427,조광하
3428,저스틴 시미엔
3429,이선명
3430,김정인
3431,조엘 크로포드
3432,리차드 웡
3433,진구지 차우차우
3434,제제 다카히사
3435,여진
3436,"이창원,권성모"
3437,이정국
3438,츠루타 노리오
3439,퍼닐 피셔 크리스텐센
3440,"우진하,곽기영"
3441,강호준
3442,"사토 준이치,카마타니 하루카"
3443,홍성은
3444,"실리에 살로몬센,아릴드 오스틴 아문센"
3445,야스밀라 즈바니치
3446,유진 코틀리야렌코
3447,야기 류이치
3448,저스틴 린
3449,니콜라스 자렉키
3450,김종해
3451,데이브 맥 3세
3452,바락 바칸
3453,오오네 히토시
3454,크리스토스 니코우
3455,유하
3456,이치고 타로와
3457,존 라이드
3458,김충길
3459,진승현
3460,P.B. 셰므란
3461,앤더스 토머스 옌센
3462,김상민
3463,이정곤
3464,권우정
3465,레니 할린
3466,"바르보라 차르포바,비트 클루삭"
3467,신선희
3468,카키모토 코다이
3469,세스 라니
3470,조지 멘델룩
3471,이우민
3472,이시영
3473,발레리아 파리시
3474,미야자키 고로
3475,지아 장 커
3476,아나콘다 아나키
3477,카오루
3478,스이세이 아카이
3479,김혜미
3480,사쿠라비토
3481,하세가와 야스오
3482,민채연
3483,스즈키 오사무
3484,나탄 그로스만
3485,이미영
3486,주순
3487,정민수
3488,민환기
3489,엔리코 카사로사
3490,김조광수
3491,트렌디 야마구치
3492,K-타로
3493,김창주
3494,데이빗 프레인
3495,"이지형,김솔"
3496,이자벨 코이젯트
3497,조지 갈로
3498,드로르 자하비
3499,시로가와 노부
3500,와타나베 준이치
3501,야신수
3502,소준문
3503,권오승
3504,브라이언 버티노
3505,벤 제틀린
3506,우경희
3507,에드워드 홀
3508,다닐라 코즈로브스키
3509,장현상
3510,"김예나,박규은,이미소"
3511,"이승호,서오름,방성훈,이세영"
3512,앨런 리치슨
3513,세나 요시노부
3514,김동기
3515,캡틴김
3516,김홍익
3517,밀로라드 크르스틱
3518,존 노츠
3519,이승수
3520,클레어 맥카시
3521,피터 웨버
3522,반종 피산다나쿤
3523,장애가
3524,에베라도 발레리오 구트
3525,제레미 버그
3526,니시다 류지
3527,김기영
3528,말콤 D. 리
3529,숀 시스터나
3530,카네코 지로
3531,임용재
3532,조나단 헨스라이
3533,이진호
3534,롭 새비지
3535,"유현,김세희,김홍기,원은선"
3536,카와노 고우시
3537,에구치 칸
3538,유키히로 나스
3539,"조지 갈로,프란체스코 친퀘마니"
3540,김미조
3541,김민수
3542,커크 코우테
3543,예프게니 루만
3544,브래드 터너
3545,행크 브랙스톤
3546,"오윤동,정수이"
3547,긴츠 질발로디스
3548,이지훈
3549,강현성
3550,숀 레비
3551,김지훈
3552,핑크라이더
3553,김종재
3554,"리비 쳉,켄 쳉"
3555,에이트
3556,남정호
3557,이치엔
3558,야마다 요지
3559,필감성
3560,맥스 바버카우
3561,박강아름
3562,"강인석,안다훈,박경진"
3563,김정근
3564,위치 카오새야난다
3565,김성현
3566,신승엽
3567,심덕근
3568,Mr.나
3569,리사 조이
3570,한톈
3571,정승민
3572,마리암 투자니
3573,정하용
3574,전혜림
3575,루크레시아 마르텔
3576,아라이 카즈토
3577,릭 번스
3578,페드리코 알로토
3579,마우로 루소 루즈
3580,종위
3581,쿠도 타이요
3582,황천인
3583,션 헤이더
3584,조쉬 그린바움
3585,이우정
3586,홍두표
3587,로도 사야구에즈
3588,데스틴 다니엘 크리튼
3589,정구호
3590,사토 준이치
3591,나봇 파푸샤도
3592,리슬 타미
3593,정욱
3594,헨크 프리토리우스
3595,김은경
3596,박홍민
3597,"지원,강민현"
3598,홍대영
3599,권유주
3600,정승호
3601,일래인 보겐
3602,이정훈
3603,쿄고쿠 타카히코
3604,"김선,김곡"
3605,김민근
3606,마리아 슈라더
3607,에드 브럼
3608,짐 타이후투
3609,"토마스 롭삼,아슬레우 홀름"
3610,니아 다코스타
3611,"권민표,서한솔"
3612,테일러 노우드
3613,토마스 마이클
3614,우싱궈
3615,회우
3616,올리버 밀번
3617,캐리 후쿠나가
3618,김민섭
3619,아멜리 반 엘름브
3620,스르단 고루보비치
3621,피터 호윗
3622,"현명우,유정수,김지산,이용섭,전윤수,오현도"
3623,우디 해럴슨
3624,김모리
3625,송운
3626,홍은미
3627,토마스 맥카시
3628,기욤 브락
3629,이상헌
3630,신근호
3631,스테판 뮐러
3632,디렉터 O
3633,저스틴 전
3634,"김영,황형근,최영주,이소연"
3635,남궁선
3636,김진영
3637,권명국
3638,쿠와티
3639,타니아 웩슬러
3640,이나 예블라니코바
3641,래리 리긴스
3642,김태훈
3643,원호연
3644,"마우고시카 슈모프스카,마셀 엔그레르트"
3645,이란희
3646,김훈희
3647,신준영
3648,이정준
3649,장의순
3650,윤수현
3651,양방언
3652,"사라 스미스,장 필립 바인,옥타비오 E. 로드리게즈"
3653,캐스틸 랜던
3654,이승준
3655,레오스 카락스
3656,신동민
3657,조승원
3658,안토니오 판토하
3659,윤기형
3660,"강다연,전민혁,김상규,임의준"
3661,켈리 레인하르트
3662,리 다니엘스
3663,노라 라코스
3664,닐 블롬캠프
3665,리윤
3666,윤영빈
3667,조니 시부야
3668,김회근
3669,김진열
3670,"김희주,정주희"
3671,박남원
3672,임정은
3673,소폰 사크다피싯
3674,아트 카마초
3675,아론 피옐맨
3676,엠마누엘 무레
3677,엘리사 아모루소
3678,고선웅
3679,오오쿠 아키코
3680,성이성
3681,린-마누엘 미란다
3682,윌 친친
3683,남욱재
3684,변규리
3685,"Mr.나,남욱재"
3686,제인 캠피온
3687,타로 코아라
3688,조은지
3689,박혁지
3690,마리-캐스틸 멘션-솨아
3691,헉 봇코
3692,백진우
3693,드자닉 파이지예브
3694,"바이론 하워드,자레드 부시,채리스 카스트로 스미스"
3695,윤재근
3696,제임스 다시
3697,소재익
3698,복진오
3699,하만
3700,박소진
3701,신재명
3702,타로 타코야키
3703,정병각
3704,존 그루터스
3705,"이승환,유재욱"
3706,이주예
3707,"최진영,현승휘,서정미,김건휘,이상빈"
3708,빈센트 도노프리오
3709,유태오
3710,"에숌 넬스,이안 넬스"
3711,홍준표
3712,권순중
3713,권하
3714,제이크 마하피
3715,"빌 보이스 ,존 스트로나크"
3716,손석
3717,이지승
3718,황경성
3719,필리프 팔라도
3720,아나 로샤
3721,카와노 아야코
3722,김환태
3723,차진우
3724,임현묵
3725,김철민
3726,"크리스토프 라우엔슈타인,울프강 라우엔슈타인"
3727,토비 젠켈
3728,야마구치 다이
3729,나베
3730,"이현지,이건욱,박동기,민병채"
3731,R.L. 스콧
3732,제이미 M. 대그
3733,김예나
3734,로이 안데르손
3735,라나 워쇼스키
3736,발레리 돈젤리
3737,앨리스 블레하트
3738,제너럴리스트
3739,미니미니
3740,우베르토 파솔리니
3741,김현우
3742,발디마르 요한손
3743,조안 스파
3744,스티븐 두트
3745,양재호
3746,"박소현,송영윤,송영윤"
3747,염정원
3748,김호철
3749,"이건휘,김내리,황지현,서태범,황재필,김효준"
3750,"제프 레이즈너,제이슨 토비아스"
3751,김도현
3752,김슬기
3753,이규만
3754,가스 제닝스
3755,안토니오 헤르난데즈
3756,달라스 버지스
3757,김경모
3758,박대민
3759,월트 벡커
3760,샤모
3761,성유진
3762,스티치
3763,에바 이오네스코
3764,이타치
3765,앤드류 길버트
3766,박단희
3767,H.M. 콕클리
3768,안희수
3769,레흐 마예브스키
3770,"이혁래,김정영"
3771,진목승
3772,김은덕
3773,데미언 로메이
3774,존 콘델릭
3775,김정훈
3776,투케이
3777,"김동령,박경태"
3778,몽타
3779,이훈국
3780,드니 도
3781,손석우
3782,츠츠미 유키히코
3783,박동기
3784,존 보니토
3785,나카노 야요이
3786,김기환
3787,박규현
3788,김지석
3789,대예림
3790,"김의성,주진우"
3791,김규태
3792,김길영
3793,누에
3794,배상국
3795,프란체스코 지아니니
3796,박성후
3797,맷 베티넬리-올핀
3798,박선호
3799,오세섭
3800,마츠모토 신지
3801,"제라드 부시,크리스토퍼 렌즈"
3802,줄리앙 람발디
3803,장철수
3804,"로렌조 티오네,앤디 블랑켄뷸러"
3805,홍태선
3806,이충렬
3807,윌리엄 니콜슨
3808,박희권
3809,홍기환
3810,다니스 고렛
3811,저스틴 에드가
3812,이제한
3813,매튜 니나버
3814,오드리 디완
3815,아베 신야
3816,박장운
3817,카츠라기 히로후미
3818,나가이 타츠유키
3819,캣 코이로
3820,앤드류 첸
3821,리즈 고든
3822,기타무라 류헤이
3823,이호성
3824,"손인영,이재화"
3825,돌프 룬드그렌
3826,배덕성
3827,조즈 토코노마
3828,마르탱 부르불롱
3829,천명관
3830,아리 톱
3831,레이날도 마르쿠스 그린
3832,사르지
3833,윤신
3834,김승환
3835,로버트 코놀리
3836,드니 데르쿠르
3837,김시우
3838,하시모토 하지메
3839,정인철
3840,연송하
3841,에이고 모치즈키
3842,사도가시마 지로
3843,마크 슈미트
3844,이연규
3845,권수경
3846,준 디렉터
3847,박이웅
3848,히라카와 유이치로
3849,니쿠손
3850,벤자민 킴
3851,마태수
3852,스베틀라나 수하노바
3853,박경목
3854,"정재익,서태수"
3855,연왕모
3856,최진영
3857,유희정
3858,아쿠 로히미스
3859,정지연
3860,강다연
3861,데일 파브리가
3862,박루슬란
3863,"김종신,정다운"
3864,샤이페이 웬
3865,"손인영,윤재원"
3866,알렉산드리아 도모가로프에
3867,조용선
3868,장선호
3869,코마츠 소이치로
3870,아론 고뎃
3871,홍원기
3872,에드문드 여
3873,타릭 살레
3874,브렛 설리반
3875,김경엽
3876,지조우 코우지
3877,차상민
3878,아담 스틸웰
3879,피에르 페리펠
3880,샘 레이미
3881,최영민
3882,사토 유이치
3883,자코 아키후미
3884,이승기
3885,봉선우
3886,아이리스 심
3887,"마크 J. 프란시스,맥스 퍼그"
3888,자크 오디아르
3889,다비드 빅토리
3890,조필구
3891,쿠보 시게아키
3892,이상용
3893,고영재
3894,프란 크랜즈
3895,에릭 포스버그
3896,로랑 티라르
3897,김기성
3898,키이스 토마스
3899,최원종
3900,한종훈
3901,로런 해더웨이
3902,차봉주
3903,비보 베르즈롱
3904,이정섭
3905,김광보
3906,안티-주시 안닐라
3907,이승규
3908,김중휘
3909,콜린 트레보로우
3910,이상식
3911,최홍준
3912,마틴 오웬
3913,김진화
3914,모홍진
3915,박대유
3916,앵거스 맥클레인
3917,심미희
3918,김정은
3919,이케하타 히로시
3920,김중위
3921,이순성
3922,최은호
3923,마이클 치미노
3924,파비앙 드루전
3925,서동일
3926,"김현,정혜연"
3927,"신창환,류정우"
3928,박우재
3929,황동석
3930,김덕규
3931,김민주
3932,박찬욱
3933,송상민
3934,톰 고미칸
3935,구민정
3936,캡틴 에디트맨
3937,박상용
3938,오유민
3939,안드레아 자카리엘로
3940,허승은
3941,여석주
3942,최경찬
3943,KH
3944,안소희
3945,카자마 히로키
3946,바즈 루어만
3947,김동욱
3948,알렉스 가랜드
3949,빅토르 코사코프스키
3950,매기 질렌할
3951,김만배
3952,마츠모토 소우시
3953,최동훈
3954,김영일
3955,나루세 마사토
3956,카일 발다
3957,이선재
3958,루스템 압드라쉐프
3959,민병관
3960,윤치수
3961,최소망
3962,백필규
3963,김한민
3964,윤서진
3965,"강승훈,윤제완"
3966,이본 코르멘자나
3967,까뜨린느 꼬르시니
3968,아키 히데토
3969,라두 주데
3970,야마구치 스스무
3971,미아 한센-로브
3972,필립 바랜티니
3973,유만종
3974,민정현
3975,"나스카와 미츠루,이리요시 사토루"
3976,"자레드 스턴,샘 레빈"
3977,이정재
3978,아벨 페라라
3979,엘리오 에스파나
3980,임초현
3981,소피 하이드
3982,코야마 마사츠구
3983,신선
3984,코엔지 고로
3985,"이미리,설민아"
3986,임상수
3987,정관조
3988,이누가미료
3989,K.C. 타케다
3990,"세실 베스노,이반 마사카"
3991,이미소
3992,퀸 래셔
3993,신혜영
3994,로쿠탄조노 세이시
3995,오가타 킨
3996,안나 구또
3997,이윤호
3998,박규태
3999,한승희
4000,강대희
4001,김새봄
4002,이석재
4003,황준하
4004,"얀 아르튀스-베르트랑,아나스타샤 미코바"
4005,곽민승
4006,모소조쿠
4007,로버트 에거스
4008,김민재
4009,티에리 로로
4010,전연정
4011,이진선
4012,김만석
4013,이석훈
4014,김세성
4015,칼럼 번
4016,크리스토퍼 해튼
4017,김호락
4018,"김선형,오윤동"
4019,스콧 데릭슨
4020,에단 호크
4021,"이재은,임지선"
4022,줄리앙 프루네
4023,정길훈
4024,버트 스턴
4025,조상훈
4026,김혜원
4027,코다마 테츠로
4028,레지스 르왕사르
4029,임승현
4030,정원희
4031,안드로
4032,음라나
4033,엄준영
4034,이성강
4035,반 타로
4036,제임스 카메론
4037,이재원
4038,"김종관,장건재"
4039,"이탁,남순아,심규호,김동식"
4040,진보 마사토
4041,요시우라 야스히로
4042,장권
4043,하주현
4044,"마크 쿠치어,롭 민코프,크리스 베일리"
4045,"김오안,브리짓 부이요"
4046,"최신규,이슬기,정승원"
4047,오세연
4048,아르네 투넨
4049,송원준
4050,소준희
4051,키자키 후미노리
4052,한만규
4053,김수영
4054,안노 히데아키
4055,린 타로
4056,이연우
4057,이성일
4058,"박우주,김혜진"
4059,"박소현,이솜이,강유가람,김소람"
4060,"송정율,송요한"
4061,조경호
4062,파커 핀
4063,나가에
4064,"다니엘 콴,다니엘 쉐이너트"
4065,"윤현정,이지혜,문교리"
4066,이한종
4067,"안노 히데아키,츠루마키 카즈야,마사유키"
4068,"안노 히데아키,츠루마키 카즈야,마사유키,마에다 마히로"
4069,지니아스 히자
4070,야쿠모 사이지
4071,희수
4072,탁세웅
4073,토비아스 린드홀름
4074,최익환
4075,이영아
4076,아르노 데스플레생
4077,양영희
4078,함성한
4079,김재윤
4080,"리처드 클라우스,호세 젤라다"
4081,채닝 테이텀
4082,이일형
4083,윤종석
4084,쇼오텐시로오
4085,이동윤
4086,박송열
4087,도하
4088,지아민
4089,장우성
4090,이상문
4091,안소니 파비안
4092,올리비아 뉴먼
4093,염지호
4094,브라이언 굿맨
4095,김명곤
4096,김혜연
4097,손현규
4098,김세인
4099,두정철
4100,허정재
4101,김모든
4102,알레한드로 곤잘레스 이냐리투
4103,스콧 만
4104,황인호
4105,"민경복,김승현"
4106,황명승
4107,도내리
4108,후메이
4109,정윤수
4110,"돈 홀,퀴 응우옌"
4111,조쉬 루벤
4112,브렌다 채프먼
4113,아덴 로즈 콘데즈
4114,오준석
4115,안태진
4116,김소리
4117,홍석구
4118,이상진
4119,권혁만
4120,장세경
4121,박강
4122,한경탁
4123,오세현
4124,황진진
4125,임찬익
4126,오성호
4127,"이예지,오윤동"
4128,박흥식
4129,오지인
4130,이재호
4131,보아즈 야킨
4132,신택수
4133,박영균
4134,타자키 류타
4135,한인미
4136,안진성
4137,김성수
4138,다니엘 스탬
4139,마크 미로드
4140,에릭 토스티
4141,항 찐
4142,강경태
4143,크리스찬 카리온
4144,김혜지
4145,페테르 퍼자카스
4146,"송상민,곽지성"
4147,박정환
4148,히데키
4149,이시다 마모루
4150,김혜성
4151,비센테 아모림
4152,강은수
4153,오오사키히로하루
4154,바딤 피얼먼
4155,감정원
4156,윤제균
4157,김수경
4158,"파니 리에타르,제레미 트루일"
4159,전일만
4160,"마리아노 콘,가스통 듀프랫"
4161,제이 챈드라세카
4162,아핏차퐁 위라세타쿤
4163,이우석
4164,도희
4165,로버트 요한슨
4166,"윤영호,윤영호"
4167,이헌재
4168,조지 밀러
4169,이노우에 다케히코
4170,덩이한
4171,필립 노이스
4172,이하선
4173,신세계
4174,카토 스케로쿠
4175,김연우
4176,"박홍열,황다은"
4177,한승연
4178,장츠위
4179,서동헌
4180,신상옥
4181,이성민
4182,"조쉬 고든,윌 스펙"
4183,조희운
4184,견자단
4185,우슬라 마이어
4186,제라드 존스톤
4187,곽기영
4188,정치영
4189,하나
4190,박재범
4191,주영
4192,다니엘 아르비드
4193,김기림
4194,키쿠치 야스히토
4195,김소라
4196,정주리
4197,타넬리 무스토넨
4198,사이토 유키
4199,에드워드 드레이크
4200,에밀리 아테프
4201,형슬우
4202,질리스 맥키넌
4203,마이클 B. 체이트
4204,앤드류 베어드
4205,하세가와 쿠니히로
4206,"최병선,김지윤"
4207,숀 시트
4208,현승우
4209,안해영
4210,"니콜라스 D 존슨,윌 메릭"
4211,정수연
4212,토드 필드
4213,윤준형
4214,곽정덕
4215,권혁재
4216,티모 부오렌솔라
4217,베티 카플란
4218,레니 라우리치
4219,박인우
4220,마이클 B. 조던
4221,이세원
4222,한지연
4223,핑마
4224,야스지로 시도
4225,유호 쿠오스마넨
4226,필리스 나기
4227,금강산
4228,정하윤
4229,이창열
4230,이선이
4231,쉐인 스탠리
4232,민용근
4233,이주이
4234,애나 릴리 아미푸르
4235,"김지운,김도희"
4236,박성광
4237,앙트완 르
4238,치노늬 추크우
4239,러셀 크로우
4240,한승민
4241,정윤희
4242,제이슨 무어
4243,"백인우,베르너 두 플레시스"
4244,손미나
4245,김현정
4246,타치바나 마사키
4247,임성운
4248,한문애
4249,박나은
4250,서은진
4251,야자키 히토시
4252,조태석
4253,이소현
4254,김성환
4255,벤 애플렉
4256,하타케야마 마모루
4257,이광범
4258,양경희
4259,판 나린
4260,이송희일
4261,팀 색센티
4262,서영
4263,오대성
4264,이원석
4265,쿠와치
4266,요시다 올리베트
4267,정용기
4268,천세환
4269,앤소니 심
4270,양윤모
4271,강대일
4272,"스콧 벡,브라이언 우즈"
4273,쟝 뤽 에르뷜로
4274,이미리
4275,청어
4276,비토리오 데 시카
4277,카를로타 페레다
4278,조불근
4279,박희성
4280,용피디
4281,신쥬쿠 조쎈빠이
4282,데이비 추
4283,포스타
4284,"홍승희,신승환"
4285,김연희
4286,유영주
4287,임재완
4288,줄리어스 에이버리
4289,장형모
4290,조윤수
4291,하은수
4292,박응덕
4293,정하국
4294,"홍금보,허안화,담가명,원화평,두기봉,임영동,서극"
4295,김정만
4296,타카하시 미노루
4297,"쿠보 유타로,마이야 사토미"
4298,청웨이하오
4299,"김소형,박동훈,최하나,송현주,한인미,윤성호"
4300,이지연
4301,루이스 리테리어
4302,김민석
4303,신창섭
4304,이현준
4305,변기주
4306,오덕희
4307,하스시이
4308,김선아
4309,마쓰바라 레몬
4310,최승연
4311,조현규
4312,올리비에 트레네
4313,필감
4314,차은유
4315,김춘두
4316,"한동호,우태영"
4317,미야지 마사유키
4318,서필벅
4319,남근만
4320,델핀 르에리세
4321,토멕 바진스키
4322,가브리엘 알바네시
4323,가성문
4324,마우로 보렐리
4325,래리 양
4326,정순진
4327,송성관
4328,두유휘
4329,김홍기
4330,나카가와 류타로
4331,"김지환,허민"
4332,한지원
4333,김남준
4334,우진하
4335,김광희
4336,이황
4337,이헌국
4338,타쿠마 신
4339,고리 마쓰다
4340,최윤호
4341,존 체스터
4342,이현주
4343,마이클 맥고완
4344,김재훈
4345,피터 손
4346,토리피
4347,조오돈
4348,박영순
4349,조쉬 스턴펠드
4350,루토 토이치로
4351,호아킴 도스 산토스
4352,이자민
4353,황윤
4354,쿠엔틴 듀피욱스
4355,임재경
4356,허철녕
4357,윤상원
4358,소시민
4359,박준이
4360,"민준기,전원창"
4361,한승구
4362,스탠리 큐브릭
4363,최주연
4364,"시어도어 타이,로랑 제툰"
4365,벤 재거
4366,유수영
4367,김은영
4368,송승연
4369,와레메 사부로
4370,한명구
4371,장 자끄 아노
4372,진석구
4373,리처드 코렐
4374,옹자광
4375,최진아
4376,이우철
4377,한마음
4378,드미트리 키셀레브
4379,우치야마 카즈오
4380,"문승욱,유예진"
4381,"한길수,차성민"
4382,이승남
4383,클라우스 해로
4384,박상민
4385,사카이 마이
4386,박주이
4387,여희주
4388,이만억
4389,나태리
4390,서현동
4391,쿠사노 쇼고
4392,후카다 코지
4393,패트릭 윌슨
4394,조은우
4395,성숙희
4396,최유진
4397,다리오 아르젠토
4398,커크 드 미코
4399,이솔희
4400,카리야마 슌스케
4401,미켈란젤로 안토니오니
4402,오성수
4403,김은구
4404,고두성
4405,하마사키 신지
4406,박세영
4407,데이비드 푸졸
4408,"블라디미르 마슬로프,미하일 모스코프,비탈리 두드카"
4409,세이시 로쿠탄조노
4410,남지호
4411,이선애
4412,토도
4413,브뤼노 시슈
4414,엄태화
4415,서아현
4416,이누도 잇신
4417,김오월
4418,엄영식
4419,박한열
4420,한기중
4421,정우성
4422,임오정
4423,이상준
4424,잭 골든
4425,데이비드 바나드
4426,"나타샤 메르쿨로바,알렉세이 추포프"
4427,노엘 클리어리
4428,"나이젤 W.티어니,동롱"
4429,얀 가스만
4430,오재형
4431,하명미
4432,"최원경,전병덕,이광진,지삼,김장미,서형우"
4433,에르마노 올미
4434,고희영
4435,테라카도 지몬
4436,"권하정,김아현"
4437,서태지
4438,리카르드 쿠소
4439,에실 보그트
4440,유재선
4441,이시히라 신지
4442,황다슬
4443,앙드레 류
4444,형인혁
4445,도미니크 데루데르
4446,애드리언 랭글리
4447,코지나 히로시
4448,홍용호
4449,김진무
4450,구지현
4451,니아 발다로스
4452,사무엘 보딘
4453,마이테 알베르디
4454,웨인 왕
4455,"한상호,박성배"
4456,"다비드 알로,에릭 토스티"
4457,"정태원,정용기"
4458,존 카니
4459,김성식
4460,김미영
4461,강제규
4462,"그레이그 캐머런,케인 크라우디스"
4463,가렛 에드워즈
4464,마크 밸도
4465,예르지 스콜리모프스키
4466,소피 바르트
4467,시미즈 다카시
4468,박정례
4469,김창훈
4470,다니엘 루이즈
4471,"오윤동,김하민"
4472,타니구치 마사오
4473,시노하라 테츠오
4474,"하줄리,이성민"
4475,메리 해론
4476,곽은미
4477,"안상훈,윤은경,김용균,임대웅,채여준"
4478,믹 데이비스
4479,마누엘 마틴 쿠엔카
4480,니시키오리 히로시
4481,"위완 홍비바타나,위우완 홍비바타나"
4482,조현철
4483,얄마리 헬렌더
4484,박진표
4485,"가브리엘 리바 팔라시오 알라트리스테,로돌포 리바 팔라시오 알라트리스테"
4486,권철
4487,블란딘 르누아르
4488,민병훈
4489,한슈아이
4490,"대니 필리푸,마이클 필리푸"
4491,반요명
4492,김수인
4493,이후빈
4494,장건재
4495,이정홍
4496,맥시밀리언 엘렌와인
4497,임지훈
4498,오정훈
4499,엠마 타미
4500,해악륭
4501,생게도르지 잔치브로드지
4502,다니엘 그레이엄
4503,와타나베 코토노
4504,김현지
4505,카나이 준이치
4506,필 블래튼버거
4507,모니카
4508,구상범
4509,가브리엘라 코우퍼스웨이트
4510,러스티 컨디에프
4511,류효세
4512,이대경
4513,허 슈밍
4514,카와모리 쇼지
4515,마이클 모리스
4516,정지훈
4517,장 피에르 아메리스
4518,최지온
4519,우에다 요시히코
4520,최연수
4521,어맨다 킴
4522,히구치 신지
4523,"호 유항,제나르 마에사 아유,김태식"
4524,권아람
4525,막심 라파즈
4526,안드레이 콜핀
4527,권만회
4528,올리버 허머너스
4529,"윤제완,김성민"
4530,프라우케 핀스터발더
4531,사부
4532,프랑스 칼포운
4533,사임 사디크
4534,"임경호,소준범"
4535,윤권수
4536,드류 밀레
4537,"요하네스 하트만,산드로 클로프스타인"
4538,김이도
4539,안슐 차우한
4540,할리나 디르슈카
4541,헤더 윌크
4542,아키 카우리스마키
4543,월트 도른
4544,오네 히토시
4545,"배완,양희성,박인한"
4546,일커 카탁
4547,소라 네오
4548,강승원
4549,윤재연
4550,마리 아마추켈리
4551,"크리스 벅,폰 비라선손"
4552,"DK 웰치먼,휴 웰치맨"
4553,마츠모토 소
4554,조희영
4555,김환진
4556,카키모토 켄사쿠
4557,"안노 히데아키,츠루마키 카즈야"
4558,안나 자이체바
4559,척 러셀
4560,나카가와 슌
4561,만큐
4562,정기혁
4563,미켈란젤로 프라마르티노
4564,우얼샨
4565,김피디
4566,데이빗 보워스
4567,매들린 개빈
4568,엠마뉘엘 카레르
4569,카와와다 에마
4570,서정원
4571,김용균
4572,하준원
4573,김덕민
4574,클레망 코지토르
4575,오오모리 타카히로
4576,하야카와 치에
4577,"김지선,조현정"
4578,루오 루오
4579,홍인표
4580,최이현
4581,키노시타 바쿠
4582,정어린
4583,서보형
4584,야마무라 타쿠야
4585,박미경
4586,사카모토 준지
4587,알레한드로 고메즈 몬테베르드
4588,권순도
4589,이성택
4590,김다민
4591,흘리뉘르 팔메이슨
4592,이바타 요시히데
4593,정지환
4594,요시노 코헤이
4595,로베르토 자짜라
4596,셀린 송
4597,파블로 베르헤르
4598,동성붕
4599,S.J. 클락슨
4600,배두리
4601,패리스 자실라
4602,레이날도 마커스 그린
4603,요시다 케이스케
4604,세자르 카푸르
4605,말레나 최
4606,브라이스 맥과이어
4607,장윤현
4608,카타기리 타카시
4609,"맥스 기와,다니아 파스퀴니"
4610,장민경
4611,안국진
4612,강승용
4613,관지요
4614,올리버 히르비겔
4615,강서곤
4616,이강욱
4617,안소니 벨
4618,에이드리언 보우
4619,안톤 머스
4620,아사토 마리
4621,마이웬 르 베스코
4622,한동석
4623,후쿠다 미츠오
4624,"김환태,문종택"
4625,아르카샤 스티븐슨
4626,브누아 들롬
4627,카트린느 브레이야
4628,이노우에 케이스케
4629,신승훈
4630,장문강
4631,최정한
4632,"김하민,오윤동"
4633,"마이크 미첼,스테파니 스티네"
4634,코바야시 케이이치
4635,정지혜
4636,길 키넌
4637,"피터 파시넬리,닉 라이온"
4638,사이먼 셀란 존스
4639,양근영
4640,정연
4641,허명행
4642,코나카 카즈야
4643,하루모토 유지로
4644,안톤 코르빈
4645,마크 딘달
4646,"맷 베티넬리-올핀,타일러 질렛"
4647,로라 포이트러스
4648,"에릭 토레다노,올리비에르 나카체"
4649,에릭 로메르
4650,김세휘
4651,브란도 쿠일리치
4652,신경수
4653,"진소명,장반"
4654,서한솔
4655,윤철형
4656,난니 모레티
4657,크리스토퍼 보글리
4658,기시 요시유키
4659,야쿠와 신노스케
4660,이요섭
4661,오로라 고세
4662,모리 · 마사
4663,전찬영
4664,조나단 글레이저
4665,켈시 만
4666,박동희
4667,손경원
4668,미즈타니 유타카
4669,이타즈 요시미
4670,클라우디오 파
4671,데이빗 그레고리
4672,조광진
4673,데브 파텔
4674,홍상진
4675,김성한
4676,김문경
4677,김보원
4678,남동협
4679,유형준
4680,마이클 사노스키
4681,소마이 신지
4682,안나 노비옹
4683,이이팡
4684,허영철
4685,키무라 히사시
4686,천줘
4687,"팽성우,정유경,김소정,인진수"
4688,에조에 히토미
4689,로즈 글래스
4690,김태곤
4691,그랙 버랜티
4692,타카야마 켄타로
4693,데이빗 크로넨버그
4694,마에다 테츠
4695,이상학
4696,다비드 오엘호펜
4697,시몬 레렝 빌몽
4698,"오윤동,민근"
4699,"이슬기,김동준"
4700,김경국
4701,"선호빈,나바루"
4702,조재형
4703,와타나베 카즈타카
4704,마테오 가로네
4705,이원식
4706,오승욱
4707,사이토 케이이치로
4708,마리-카스티유 망시옹-샤르
4709,김수훈
4710,미셸 공드리
4711,임마누엘 니코
4712,"김태영,최규석"
4713,이재민
4714,니나가와 미카
4715,이시카와 슌스케
4716,김상패
4717,구태진
4718,매트 브라운
4719,이현지
4720,"조우영,정현철"
4721,손현록
4722,이동주
4723,"정경렬,남순아,구자호,송원찬,정재희"
4724,레이첼 램버트
4725,"심형준,토마스 고"
4726,이미랑
4727,요시하라 마사유키
4728,오시야마 키요타카
4729,이상철
4730,제임스 왓킨스
4731,모니아 쇼크리
4732,마영심
4733,박홍준
