영화 코드,영화명,개봉일,영화장르,대표 제작국가,영화 감독 이름,제작사 코드
20151181,여교사,20170104,드라마,한국,김태용,20100374
20165153,눈의 여왕 3: 눈과 불의 마법대결,20170104,"애니메이션,어드벤처,가족,판타지",러시아,알렉세이 트시칠린,
20150966,사랑하기 때문에,20170104,"코미디,멜로/로맨스",한국,주지홍,20062097
20161872,너의 이름은.,20170104,"애니메이션,드라마,멜로/로맨스",일본,신카이 마코토,
20161084,패신저스,20170104,"어드벤처,SF",미국,모튼 틸덤,
20164421,어쌔신 크리드,20170111,"액션,어드벤처,판타지,SF",미국,저스틴 커젤,
20168381,얼라이드,20170111,"스릴러,드라마,멜로/로맨스",미국,로버트 저메키스,
20165443,모아나,20170112,애니메이션,미국,"론 클레멘츠,존 머스커",
20151229,더 킹,20170118,"범죄,드라마",한국,한재림,20141519
20168664,반지의 제왕 : 두개의 탑 (확장판),20170118,"판타지,어드벤처,액션",뉴질랜드,피터 잭슨,
20163845,터닝메카드W: 블랙미러의 부활,20170118,애니메이션,한국,"홍헌표,김석원",20172761
20151228,공조,20170118,액션,한국,김성훈,"20100278,20110854,20130188,20060055"
20167285,짱구는 못말려 극장판: 폭풍수면! 꿈꾸는 세계 대돌격,20170125,애니메이션,일본,타카하시 와타루,
20168154,딥워터 호라이즌,20170125,"액션,드라마",미국,피터 버그,
20168688,레지던트 이블: 파멸의 날,20170125,"액션,공포(호러),SF,스릴러",미국,폴 W.S. 앤더슨,
20167324,라이언,20170201,드라마,호주,가스 데이비스,
20179281,컨택트,20170202,"SF,드라마,스릴러",미국,드니 빌뇌브,
20167716,트리플 엑스 리턴즈,20170208,"액션,어드벤처,스릴러",미국,D.J. 카루소,
20178881,명탐정 코난: 에피소드 원-작아진 명탐정,20170208,애니메이션,일본,야마모토 야스이치로,
20150964,조작된 도시,20170209,"범죄,액션",한국,박광현,"20100781,20141405,20138175"
20167644,발레리나,20170209,"애니메이션,어드벤처,가족,뮤지컬",프랑스,"에릭 섬머,에릭 와린",
20161141,50가지 그림자: 심연,20170209,"드라마,멜로/로맨스",미국,제임스 폴리,
20162873,레고 배트맨 무비,20170209,"애니메이션,액션,코미디",미국,크리스 맥케이,
20166421,재심,20170215,드라마,한국,김태윤,20172901
20167362,더 큐어,20170215,"미스터리,스릴러",미국,고어 버빈스키,
20163580,그레이트 월,20170215,"판타지,액션",미국,장예모,
20161744,트롤,20170216,애니메이션,미국,"마이크 미첼,월트 도른",20103156
20167906,마이펫 오지,20170216,"애니메이션,어드벤처",스페인,알베르토 로드리게즈,
20167922,핵소 고지,20170222,"드라마,전쟁",미국,멜 깁슨,
20156562,루시드 드림,20170222,"SF,스릴러",한국,김준성,20100863
20170241,23 아이덴티티,20170222,스릴러,미국,M. 나이트 샤말란,
20166101,존 윅 - 리로드,20170222,"액션,범죄,스릴러",미국,채드 스타헬스키,
20161723,싱글라이더,20170222,드라마,한국,이주영,20140593
20165927,문라이트,20170222,드라마,미국,배리 젠킨스,
20166468,사일런스,20170228,드라마,미국,마틴 스코세이지,
20161827,로건,20170301,"액션,SF",미국,제임스 맨골드,
20150971,해빙,20170301,스릴러,한국,이수연,"20110933,20155428"
20158799,눈길,20170301,드라마,한국,이나정,20114875
20168750,파도가 지나간 자리,20170308,"드라마,멜로/로맨스",미국,데릭 시엔프랜스,
20168183,콩: 스컬 아일랜드,20170308,"액션,어드벤처,판타지",미국,조던 복트-로버츠,
20164721,미녀와 야수,20170316,"멜로/로맨스,판타지,뮤지컬",미국,빌 콘돈,
20178942,스페이스 비트윈 어스,20170316,"어드벤처,드라마,멜로/로맨스,SF",미국,피터 첼섬,
20167905,비정규직 특수요원,20170316,"코미디,액션",한국,김덕수,"20153568,20161241"
20167902,보통사람,20170323,드라마,한국,김봉한,"20122965,20158289"
20179442,밤의 해변에서 혼자,20170323,드라마,한국,홍상수,20100332
20171801,극장판 암살교실 : 365일의 시간,20170323,애니메이션,일본,키시 세이지,
20162181,프리즌,20170323,"범죄,액션",한국,나현,20160723
20167363,히든 피겨스,20170323,드라마,미국,데오도르 멜피,
20163194,공각기동대 : 고스트 인 더 쉘,20170329,"SF,범죄,액션",미국,루퍼트 샌더스,
20151230,원라인,20170329,범죄,한국,양경모,"20126335,20173501"
20167364,미스 슬로운,20170329,"드라마,스릴러",미국,존 매든,
20167005,데스노트: 더 뉴 월드,20170329,"범죄,드라마,스릴러",일본,사토 신스케,
20173901,존 윅: 특별판,20170330,"액션,드라마",미국,"데이빗 레이치,채드 스타헬스키",
20173226,패왕별희 디 오리지널,20170330,"드라마,멜로/로맨스",중국,첸 카이거,
20161923,시간위의 집,20170405,"미스터리,스릴러",한국,임대웅,"20160721,20110931,20138575,20173921"
20167901,어느날,20170405,멜로/로맨스,한국,이윤기,20122471
20171381,라이프,20170405,"SF,스릴러",미국,다니엘 에스피노사,
20162607,슈퍼 버드,20170406,애니메이션,멕시코,"리카르도 아나이즈,마이크 컨켈,라울 가르시아",
20171781,패트리어트 데이,20170406,"드라마,스릴러",미국,피터 버그,
20151227,아빠는 딸,20170412,코미디,한국,김형협,20142433
20167542,분노의 질주: 더 익스트림,20170412,"액션,범죄,스릴러",미국,F. 게리 그레이,
20172125,파운더,20170420,드라마,미국,존 리 행콕,
20179662,파워레인져스: 더 비기닝,20170420,"액션,어드벤처,판타지,SF",미국,딘 이스라엘리트,
20172541,오두막,20170420,드라마,미국,스튜어트 하젤딘,
20161726,임금님의 사건수첩,20170426,"코미디,어드벤처,액션",한국,문현성,"20157468,20110854,20063209"
20173301,"서서평, 천천히 평온하게",20170426,다큐멘터리,한국,"홍주연,홍현정",20173001
20162871,특별시민,20170426,드라마,한국,박인제,20063202
20174165,극장판 또봇: 로봇군단의 습격,20170427,애니메이션,한국,"이달,고동우",20156291
20175142,극장판 쿠로코의 농구 라스트 게임,20170427,애니메이션,일본,타다 슌스케,
20161665,스머프: 비밀의 숲,20170428,"애니메이션,가족",미국,캘리 애스버리,
20163603,가디언즈 오브 갤럭시 VOL. 2,20170503,"액션,SF",미국,제임스 건,
20174061,보스 베이비,20170503,"애니메이션,코미디,가족",미국,톰 맥그라스,
20162722,보안관,20170503,"범죄,코미디",한국,김형주,"20126515,20122737"
20173061,슈퍼 빼꼼: 스파이 대작전,20170503,"애니메이션,코미디",한국,임아론,20100235
20170321,목소리의 형태,20170509,"애니메이션,멜로/로맨스",일본,야마다 나오코,
20179382,에이리언: 커버넌트,20170509,"SF,스릴러",미국,리들리 스콧,
20156708,석조저택 살인사건,20170509,스릴러,한국,"정식,김휘",20168769
20175262,겟 아웃,20170517,"공포(호러),미스터리,스릴러,드라마",미국,조던 필,
20173961,킹 아서: 제왕의 검,20170517,"판타지,액션,어드벤처",영국,가이 리치,
20164844,불한당: 나쁜 놈들의 세상,20170517,"범죄,액션,드라마",한국,변성현,"20110854,20101558"
20170982,캐리비안의 해적: 죽은 자는 말이 없다,20170524,"액션,어드벤처,판타지,코미디",미국,"요아킴 뢰닝,에스펜 샌버그",
20174602,노무현입니다,20170525,다큐멘터리,한국,이창재,20173882
20173642,너와 100번째 사랑,20170525,"드라마,멜로/로맨스",일본,츠키카와 쇼,
20174803,7번째 내가 죽던 날,20170531,"드라마,미스터리",미국,라이 루소 영,
20169348,대립군,20170531,"드라마,사극",한국,정윤철,"20100540,20124236,20123598,20154810"
20168261,원더 우먼,20170531,"액션,어드벤처,판타지,SF",미국,팻티 젠킨스,
20176141,베이블레이드 버스트 갓 : 갓 발키리의 탄생,20170601,애니메이션,일본,야마구치 켄타로,
20174821,바다 탐험대 옥토넛 시즌4: 더 파이널,20170601,"애니메이션,어드벤처",영국,다라 오코넬,
20166488,미이라,20170606,"액션,어드벤처,판타지",미국,알렉스 커츠먼,
20162343,악녀,20170608,액션,한국,정병길,20174223
20176741,꼬마참새 리차드: 아프리카 원정대,20170615,애니메이션,독일,"토비 젠켈,레자 메마리",
20175423,나의 붉은고래,20170615,"애니메이션,판타지",중국,"양선,장춘",
20172241,꼬마돼지 베이브의 대모험,20170615,"애니메이션,어드벤처",독일,테레사 스트로젝,
20166384,하루,20170615,스릴러,한국,조선호,20123375
20166967,트랜스포머: 최후의 기사,20170621,"액션,어드벤처,SF",미국,마이클 베이,
20176201,더 서클,20170622,"드라마,SF,스릴러",미국,제임스 폰솔트,
20175982,다크 하우스,20170622,"공포(호러),스릴러",미국,대런 린 보우즈만,
20175821,언더더씨,20170622,애니메이션,미국,에반 트라멜,
20178982,박열,20170628,드라마,한국,이준익,20174921
20159647,리얼,20170628,액션,한국,이사랑,20174961
20176961,지랄발광 17세,20170628,"코미디,드라마",미국,켈리 프레몬,
20158485,옥자,20170629,"어드벤처,액션,드라마",미국,봉준호,"20104492,20156868"
20167303,스파이더맨: 홈 커밍,20170705,"액션,어드벤처,SF",미국,존 왓츠,
20177501,플립,20170712,"드라마,멜로/로맨스",미국,롭 라이너,
20174801,내 사랑,20170712,"드라마,멜로/로맨스",아일랜드,에이슬링 월쉬,
20175522,카3: 새로운 도전,20170713,"애니메이션,어드벤처,코미디,가족",미국,브라이언 피,
20176562,예수는 역사다,20170713,드라마,미국,존 건,
20177181,47 미터,20170719,"스릴러,공포(호러)",영국,요하네스 로버츠,
20164621,덩케르크,20170720,"액션,드라마,스릴러,전쟁",미국,크리스토퍼 놀란,
20177761,오즈: 신기한 마법가루,20170720,"애니메이션,어드벤처,가족",러시아,블라디미르 토로프킨,
20178321,극장판 짱구는 못말려 : 습격!! 외계인 덩덩이,20170720,애니메이션,일본,하시모토 마사카즈,
20173403,슈퍼배드 3,20170726,애니메이션,미국,"피에르 꼬팽,카일 발다",
20161481,군함도,20170726,"액션,드라마",한국,류승완,"20100374,20186561"
20170124,명탐정 코난:진홍의 연가,20170802,애니메이션,일본,시즈노 코분,
20179186,이모티: 더 무비,20170802,"애니메이션,어드벤처",미국,토니 레온디스,
20162869,택시운전사,20170802,드라마,한국,장훈,20124216
20178762,파리로 가는 길,20170803,"드라마,멜로/로맨스",미국,엘레노어 코폴라,
20178641,빅풋 주니어,20170809,"애니메이션,어드벤처,가족",벨기에,"제레미 드그루손,벤 스타센",
20162442,청년경찰,20170809,액션,한국,김주환,"20139999,20140755,20141868"
20161081,애나벨 : 인형의 주인,20170810,공포(호러),미국,데이비드 F. 샌드버그,
20179085,극장판 도라에몽: 진구의 남극 꽁꽁 대모험,20170810,"애니메이션,SF,가족,어드벤처",일본,다카하시 아츠시,
20179901,혹성탈출: 종의 전쟁,20170815,"액션,어드벤처,드라마,SF",미국,맷 리브스,
20151003,장산범,20170817,"미스터리,스릴러",한국,허정,20063193
20179187,공범자들,20170817,다큐멘터리,한국,최승호,20160682
20164174,브이아이피,20170823,"범죄,드라마",한국,박훈정,"20161022,20101149"
20170022,다크타워: 희망의 탑,20170823,"액션,어드벤처,판타지",미국,니콜라이 아르셀,
20170011,목격자,20170828,"공포(호러),미스터리",러시아,스브야토슬라브 포드가에브스키,
20171962,킬러의 보디가드,20170830,"액션,코미디",미국,패트릭 휴즈,
20158047,발레리안: 천 개 행성의 도시,20170830,"액션,어드벤처,SF",프랑스,뤽 베송,
20166132,김광석,20170830,다큐멘터리,한국,이상호,20142435
20179407,로마의 휴일,20170830,"코미디,드라마",한국,이덕희,20100938
20179491,아토믹 블론드,20170830,액션,미국,데이빗 레이치,
20179696,그것,20170906,"공포(호러),드라마",미국,안드레스 무시에티,
20154909,살인자의 기억법,20170906,"범죄,스릴러",한국,원신연,"20100103,20141409,20123235,20130188"
20171022,극장판 에그엔젤 코코밍: 푸르밍과 두근두근 코코밍 세계,20170907,애니메이션,일본,닛타 노리오,
20171923,저수지 게임,20170907,다큐멘터리,한국,최진성,20173981
20171090,베이비 드라이버,20170914,"액션,범죄,스릴러",영국,에드가 라이트,
20177541,아메리칸 메이드,20170914,"범죄,액션",미국,더그 라이만,
20170607,몬스터 콜,20170914,"판타지,드라마",스페인,후안 안토니오 바요나,
20174142,아이 캔 스피크,20170921,코미디,한국,김현석,"20156490,20100545"
20173945,인비저블 게스트,20170921,"범죄,미스터리,스릴러",스페인,오리올 파울로,
20168241,잃어버린 도시 Z,20170921,"액션,어드벤처,드라마",미국,제임스 그레이,
20172142,극장판 요괴워치: 하늘을 나는 고래와 더블세계다냥!,20170927,애니메이션,일본,"우시로 신지,요코이 타케시",
20175222,킹스맨: 골든 서클,20170927,"액션,어드벤처,코미디",미국,매튜 본,
20172627,리틀 프린세스 소피아 : 신비한 섬,20170928,"애니메이션,어드벤처,가족,판타지,뮤지컬",미국,제이미 미첼,
20170364,레고 닌자고 무비,20170928,"애니메이션,액션,코미디,어드벤처,가족",미국,찰리 빈,
20171817,넛잡 2,20171003,"애니메이션,어드벤처,코미디,가족",한국,캘런 브런커,"20111482,20122995"
20165450,남한산성,20171003,"사극,드라마",한국,황동혁,20175685
20172742,범죄도시,20171003,"범죄,액션",한국,강윤성,"20063279,20138935"
20170964,딥,20171003,"애니메이션,뮤지컬,어드벤처",스페인,줄리오 소토 거피드,
20168282,블레이드 러너 2049,20171012,"SF,액션",미국,드니 빌뇌브,
20154907,희생부활자,20171012,"미스터리,스릴러",한국,곽경택,"20155348,20100558"
20176767,"나는 내일, 어제의 너와 만난다",20171012,"멜로/로맨스,판타지,SF",일본,미키 타카히로,
20164424,대장 김창수,20171019,드라마,한국,이원태,"20138935,20142929"
20173694,지오스톰,20171019,"액션,SF,스릴러",미국,"딘 데블린,대니 캐넌",
20173806,노 게임 노 라이프 -제로-,20171019,애니메이션,일본,이시즈카 아츠코,
20175121,토르: 라그나로크,20171025,"액션,어드벤처,판타지,SF",미국,타이카 와이티티,
20171024,너의 췌장을 먹고 싶어,20171025,드라마,일본,츠키카와 쇼,
20175208,뷰티풀 투모로우,20171026,드라마,한국,장재혁,20175362
20173724,직쏘,20171102,"공포(호러),스릴러,범죄",미국,"피터 스피어이그,마이클 스피어리그",
20169643,침묵,20171102,드라마,한국,정지우,20137896
20172603,부라더,20171102,코미디,한국,장유정,"20063279,20100340"
20174622,해피 데스데이,20171108,"공포(호러),미스터리,스릴러",미국,크리스토퍼 랜던,
20161681,미옥,20171109,"범죄,액션",한국,이안규,20186701
20179942,러빙 빈센트,20171109,"애니메이션,미스터리",영국,"도로타 코비엘라,휴 웰치맨",
20175244,극장판 파워레인저: 애니멀포스 VS 닌자포스 미래에서 온 메시지 ,20171109,액션,일본,타케모토 노보루,
20175441,채비,20171109,드라마,한국,조영준,"20154448,20229111"
20168221,저스티스 리그,20171115,"액션,어드벤처,판타지,SF",미국,잭 스나이더,
20168754,7호실,20171115,코미디,한국,이용승,20100545
20165748,꾼,20171122,범죄,한국,장창원,20158292
20175223,래빗 스쿨,20171123,"애니메이션,가족",독일,우테 폰 뮌쇼폴,
20173581,기억의 밤,20171129,"미스터리,스릴러",한국,장항준,20138935
20178581,오리엔트 특급 살인,20171129,"드라마,미스터리,범죄",미국,케네스 브래너,
20161762,반드시 잡는다,20171129,스릴러,한국,김홍선,"20062097,20142551"
20173693,어쌔신: 더 비기닝,20171207,액션,미국,마이클 쿠에스타,
20174846,뽀로로 극장판 공룡섬 대모험,20171207,애니메이션,한국,"김현호,윤제완",20020113
20174585,메리와 마녀의 꽃,20171207,"애니메이션,어드벤처",일본,요네바야시 히로마사,
20170402,강철비,20171214,"액션,드라마",한국,양우석,"20158288,20158011"
20177784,침입자,20171214,"범죄,스릴러",한국,이숭환,20063099
20176367,극장판 숲의 요정 페어리루 ~크리스마스의 기적: 마법의 날개~,20171214,애니메이션,일본,고로 사쿠라,
20170443,스타워즈: 라스트 제다이,20171214,"액션,어드벤처,판타지,SF",미국,라이언 존슨,
20150976,신과함께-죄와 벌,20171220,"판타지,드라마",한국,김용화,"20100540,20160941"
20179462,위대한 쇼맨,20171220,"드라마,뮤지컬",미국,마이클 그레이시,
20176022,더 크리스마스,20171221,"애니메이션,어드벤처",미국,티모시 렉카트,
20176082,몬스터 패밀리,20171221,애니메이션,독일,호거 태프,
20174965,극장판 포켓몬스터 너로 정했다!,20171221,"애니메이션,어드벤처,가족",일본,유야마 쿠니히코,
20170590,1987,20171227,드라마,한국,장준환,20160263
20176947,원더,20171227,드라마,미국,스티븐 크보스키,
20177479,극장판 프리파라 모두의 동경♪ 렛츠고☆프리파리,20171228,애니메이션,일본,모리와키 마코토,
20171909,쥬만지: 새로운 세계,20180103,"액션,어드벤처",미국,제이크 캐스단,
20177104,페르디난드,20180103,"애니메이션,어드벤처,코미디",미국,카를로스 살다나,
20179985,코코,20180111,애니메이션,미국,리 언크리치,
20177602,"쏘아올린 불꽃, 밑에서 볼까? 옆에서 볼까?",20180111,"애니메이션,멜로/로맨스",일본,신보 아키유키,
20173547,다운사이징,20180111,"드라마,코미디",미국,알렉산더 페인,
20175054,메이즈 러너: 데스 큐어,20180117,"액션,SF,스릴러",미국,웨스 볼,
20176104,그것만이 내 세상,20180117,"코미디,드라마",한국,최성현,"20100278,20110854"
20178230,커뮤터,20180124,액션,영국,자움 콜렛 세라,
20177473,비밥바룰라,20180124,코미디,한국,이성재,20142433
20168161,1급기밀,20180124,드라마,한국,홍기선,"20126335,20154688"
20178444,극장판 레이디버그: 미라클스톤의 비밀,20180125,애니메이션,프랑스,토마스 아스트뤽,
20178395,12 솔져스,20180131,"액션,드라마,전쟁",미국,니콜라이 퓰시,
20178126,인시디어스4: 라스트 키,20180131,"공포(호러),미스터리,스릴러",미국,애덤 로비텔,
20168323,염력,20180131,"드라마,코미디",한국,연상호,20140808
20179228,마야2,20180201,애니메이션,독일,"노엘 클리어리,세르지오 델피노",
20178672,패딩턴 2,20180208,"코미디,드라마",프랑스,폴 킹,
20179205,조선명탐정: 흡혈괴마의 비밀,20180208,"사극,어드벤처,코미디",한국,김석윤,20100187
20170561,블랙 팬서,20180214,"액션,드라마,SF",미국,라이언 쿠글러,
20078561,명탐정 코난:감벽의 관,20180214,애니메이션,일본,야마모토 야스이치로,
20168250,골든슬럼버,20180214,"범죄,드라마",한국,노동석,20100450
20176121,흥부: 글로 세상을 바꾼 자,20180214,사극,한국,조근현,"20176364,20154588"
20180542,50가지 그림자: 해방,20180221,"드라마,멜로/로맨스,스릴러",미국,제임스 폴리,
20173436,셰이프 오브 워터: 사랑의 모양,20180222,"어드벤처,판타지",미국,기예르모 델 토로,
20177946,월요일이 사라졌다,20180222,"액션,어드벤처,범죄",영국,토미 위르콜라,
20189861,더 포스트,20180228,"드라마,스릴러",미국,스티븐 스필버그,
20189663,게이트,20180228,"범죄,코미디",한국,신재호,20186982
20170841,리틀 포레스트,20180228,드라마,한국,임순례,20061784
20179731,나미야 잡화점의 기적,20180228,"판타지,드라마",일본,히로키 류이치,
20150969,궁합,20180228,"코미디,드라마",한국,홍창표,20100128
20180341,레드 스패로,20180228,스릴러,미국,프란시스 로렌스,
20176070,플로리다 프로젝트,20180307,드라마,미국,션 베이커,
20178781,사라진 밤,20180307,스릴러,한국,이창희,"20100123,20124237,20062469"
20178490,온리 더 브레이브,20180307,드라마,미국,조셉 코신스키,
20180564,툼레이더,20180308,"액션,어드벤처",미국,로아 우타우,
20172244,치즈인더트랩,20180314,"멜로/로맨스,스릴러",한국,김제영,20174382
20170669,지금 만나러 갑니다,20180314,멜로/로맨스,한국,이장훈,"20139999,20140755,20173761"
20180302,허리케인 하이스트,20180314,"액션,범죄",미국,롭 코헨,
20178449,쓰리 빌보드,20180315,"코미디,범죄,드라마",미국,마틴 맥도나,
20174603,퍼시픽 림: 업라이징,20180321,"액션,어드벤처,SF",미국,스티븐 S. 드나이트,
20178522,콜 미 바이 유어 네임,20180322,"드라마,멜로/로맨스",이탈리아,루카 구아다니노,
20173962,소공녀,20180322,"멜로/로맨스,드라마",한국,전고운,"20126116,20176244"
20181366,미니특공대X,20180322,애니메이션,한국,이영준,20000384
20154908,7년의 밤,20180328,"스릴러,드라마",한국,추창민,"20101558,20110854"
20180804,곤지암,20180328,"공포(호러),스릴러",한국,정범식,2016841
20171122,레디 플레이어 원,20180328,"액션,SF,어드벤처",미국,스티븐 스필버그,
20178424,레이디 버드,20180404,"코미디,드라마",미국,그레타 거윅,
20181561,덕구,20180405,드라마,한국,방수인,"20158292,20156929"
20153447,바람 바람 바람,20180405,코미디,한국,이병헌,2016841
20182021,번개맨과 신비의 섬,20180405,"가족,뮤지컬",한국,김지열,"20174241,20101784"
20182352,"그날, 바다",20180412,다큐멘터리,한국,김지영,20173981
20165045,머니백,20180412,"액션,드라마",한국,허준형,20160643
20181788,콰이어트 플레이스,20180412,"공포(호러),스릴러,드라마",미국,존 크래신스키,
20176917,램페이지,20180412,액션,미국,브래드 페이튼,
20177266,나를 기억해,20180419,"미스터리,범죄,스릴러",한국,이한욱,20187263
20182701,크리미널 스쿼드,20180419,"범죄,액션",미국,크리스찬 구드가스트,
20182360,정글번치: 최강 악당의 등장,20180419,애니메이션,프랑스,다비드 알로,
20182561,당갈,20180425,"액션,드라마",인도,니테쉬 티와리,
20167007,살인소설,20180425,스릴러,한국,김진묵,"20101149,20160721"
20177478,어벤져스: 인피니티 워,20180425,"액션,어드벤처,판타지,SF",미국,"안소니 루소,조 루소",
20183195,레오나르도 다 빈치,20180426,애니메이션,이탈리아,세르지오 맨피오,
20189783,챔피언,20180501,드라마,한국,김용완,20169072
20182989,커다랗고 커다랗고 커다란 배,20180503,애니메이션,덴마크,"필립 립스키,요르겐 레르담",
20176067,"부르고뉴, 와인에서 찾은 인생",20180503,드라마,프랑스,세드릭 클래피쉬,
20182385,매직빈,20180503,애니메이션,중국,조이 주,
20182984,얼리맨,20180503,애니메이션,영국,닉 파크,
20176069,원더스트럭,20180503,드라마,미국,토드 헤인즈,
20177005,레슬러,20180509,"드라마,코미디",한국,김대웅,20138660
20137352,루비 스팍스,20180510,"코미디,판타지",미국,"조나단 데이턴,발레리 페리스",
20183084,피터 래빗,20180516,"애니메이션,가족",미국,윌 글럭,
20182046,"안녕, 나의 소녀",20180516,멜로/로맨스,대만,사준의,
20176848,데드풀 2,20180516,"액션,어드벤처,코미디,SF",미국,데이빗 레이치,
20183321,마징가 Z: 인피니티,20180517,"애니메이션,SF,액션",일본,시미즈 준지,
20173202,버닝,20180517,미스터리,한국,이창동,"20100787,20100248"
20183801,트루스 오어 데어,20180522,"공포(호러),스릴러",미국,제프 와드로,
20179383,독전,20180522,"범죄,액션",한국,이해영,"20137896,20217781"
20184513,위 베어 베어스: 베이비 베어스,20180524,"애니메이션,드라마,가족",미국,매니 에르난데스,
20180789,한 솔로: 스타워즈 스토리,20180524,"액션,SF",미국,론 하워드,
20180123,라스트 미션,20180530,드라마,미국,조 마지오,
20173865,데자뷰,20180530,"미스터리,스릴러",한국,고경민,"20153568,20130105"
20176053,"스탠바이, 웬디",20180530,드라마,미국,벤 루윈,
20184261,벅스 프렌즈,20180606,애니메이션,중국,딩 스,
20185081,아이 필 프리티,20180606,코미디,미국,아비 콘,
20179086,쥬라기 월드: 폴른 킹덤,20180606,"액션,어드벤처,SF",미국,후안 안토니오 바요나,
20135305,극장판 포켓몬스터DP - 디아루가 VS 펄기아 VS 다크라이,20180606,애니메이션,일본,유야마 쿠니히코,
20184801,유전,20180607,공포(호러),미국,아리 에스터,
20184512,토니스토리2: 고철왕국의 친구들,20180613,"애니메이션,코미디,어드벤처",독일,"토마스 보덴스타인,마커스 하먼",
20178161,탐정: 리턴즈,20180613,"코미디,범죄",한국,이언희,20061727
20184903,오션스8,20180613,"액션,범죄",미국,게리 로스,
20184101,여중생A,20180620,드라마,한국,이경섭,"20122736,20188201"
20184689,아일라,20180621,"드라마,전쟁",터키,칸 울카이,
20184845,미드나잇 선,20180621,멜로/로맨스,미국,스콧 스피어,
20185341,마녀,20180627,"미스터리,액션",한국,박훈정,"20161022,20101149"
20185001,빅샤크: 매직체인지,20180627,애니메이션,중국,헤 질리,
20184721,시카리오: 데이 오브 솔다도,20180627,"액션,범죄,드라마",미국,스테파노 솔리마,
20172469,허스토리,20180627,드라마,한국,민규동,20100340
20174369,변산,20180704,드라마,한국,이준익,20188281
20180522,앤트맨과 와스프,20180704,"액션,어드벤처,SF",미국,페이튼 리드,
20182564,"오늘 밤, 로맨스 극장에서",20180711,"판타지,멜로/로맨스",일본,타케우치 히데키,
20181443,스카이스크래퍼,20180711,"액션,스릴러",미국,로슨 마샬 터버,
20180282,속닥속닥,20180713,"공포(호러),미스터리",한국,최상훈,"20188601,20203581"
20185621,호텔 아르테미스,20180718,"액션,범죄",미국,드류 피어스,
20183361,인크레더블 2,20180718,"애니메이션,액션,어드벤처,코미디,가족",미국,브래드 버드,
20188042,독전: 익스텐디드 컷,20180718,"범죄,액션",한국,이해영,20137896
20186001,신은 죽지 않았다 3: 어둠 속의 빛,20180719,드라마,미국,마이클 메이슨,
20170942,인랑,20180725,"SF,액션",한국,김지운,20156868
20185242,신비아파트: 금빛 도깨비와 비밀의 동굴,20180725,"애니메이션,판타지,어드벤처",한국,김병갑,"20110854,20156290"
20181181,미션 임파서블: 폴아웃,20180725,"액션,스릴러",미국,크리스토퍼 맥쿼리,20104469
20186121,어느 가족,20180726,드라마,일본,고레에다 히로카즈,
20186202,신과함께-인과 연,20180801,"판타지,드라마",한국,김용화,"20100540,20160941"
20186501,극장판 헬로카봇 : 백악기 시대,20180801,애니메이션,한국,"최신규,김진철",20141337
20179101,공작,20180808,드라마,한국,윤종빈,"20126515,20122737"
20181942,맘마미아!2,20180808,뮤지컬,미국,올 파커,
20187427,명탐정 코난 : 제로의 집행인,20180808,애니메이션,일본,타치카와 유즈루,
20184802,몬스터 호텔 3,20180808,"애니메이션,코미디,가족,판타지",미국,젠디 타타코브스키,
20170670,목격자,20180815,스릴러,한국,조규장,20062097
20183584,메가로돈,20180815,"액션,공포(호러),SF",미국,존 터틀타웁,
20187641,극장판 도라에몽: 진구의 보물섬,20180815,"애니메이션,SF,어드벤처",일본,이마이 카즈아키,
20187647,나를 차버린 스파이,20180822,"액션,코미디",미국,수잔나 포겔,
20153446,너의 결혼식,20180822,멜로/로맨스,한국,이석근,"20186561,20100374"
20187657,마일22,20180823,"액션,어드벤처,스릴러",미국,피터 버그,
20177537,상류사회,20180829,드라마,한국,변혁,2016841
20185046,서치,20180829,드라마,미국,아니쉬 차간티,
20189261,어드리프트:우리가 함께한 바다,20180906,"멜로/로맨스,드라마",미국,발타자르 코루마쿠르,
20189362,업그레이드,20180906,액션,미국,리 워넬,
20186646,딥,20180906,"멜로/로맨스,스릴러",한국,조성규,"20173902,20141039"
20189987,킬러의 보디가드 무삭제 특별판,20180912,"액션,코미디",미국,패트릭 휴즈,
20188581,더 프레데터,20180912,"SF,액션,스릴러",미국,쉐인 블랙,
20156554,물괴,20180912,"액션,사극",한국,허종호,20100947
20172204,명당,20180919,사극,한국,박희곤,20100128
20177308,협상,20180919,범죄,한국,이종석,"20100278,20188461,20110854"
20176122,안시성,20180919,"사극,액션",한국,김광식,"20141515,20161781,20140888"
20189262,더 넌,20180919,공포(호러),미국,코린 하디,
20189268,루이스,20180920,애니메이션,독일,"울프강 라우엔슈타인,크리스토프 라우엔슈타인",
20189746,극장판 뽀잉: 슈퍼 변신의 비밀,20180920,애니메이션,한국,정미화,20154649
20188304,극장판 요괴워치 섀도사이드: 도깨비왕의 부활,20180920,애니메이션,일본,우시로 신지,
20180167,에그엔젤 코코밍: 두근두근 핼러윈 파티,20180922,애니메이션,일본,닛타 노리오,
20181002,사라진 시간,20180923,공포(호러),미국,엠마누엘 산도발,
20167903,원더풀 고스트,20180926,"코미디,드라마,범죄",한국,조원희,20188142
20189462,셜록 놈즈,20181003,"애니메이션,코미디",미국,존 스티븐슨,
20177221,베놈,20181003,"액션,SF,스릴러",미국,루벤 플레셔,
20189123,곰돌이 푸 다시 만나 행복해,20181003,어드벤처,미국,마크 포스터,
20179189,암수살인,20181003,"범죄,드라마",한국,김태균,"20189241,20154810"
20180770,다이노 어드벤처2: 육해공 공룡 대백과,20181009,"애니메이션,액션,가족",영국,마이크 데블린,
20180523,스타 이즈 본,20181009,"드라마,멜로/로맨스",미국,브래들리 쿠퍼,
20189067,미쓰백,20181011,드라마,한국,이지원,20154008
20188661,에브리데이,20181011,멜로/로맨스,미국,마이클 수지,
20186321,퍼스트맨,20181018,"SF,드라마",미국,데이미언 셔젤,
20180628,액슬,20181018,"액션,어드벤처",미국,올리버 달리,
20187521,펭귄 하이웨이,20181018,"애니메이션,어드벤처,판타지",일본,이시다 히로야스,
20184678,배반의 장미,20181018,코미디,한국,박진영,20100947
20174981,창궐,20181025,"사극,액션",한국,김성훈,"20141613,20130188"
20182403,크레이지 리치 아시안,20181025,"멜로/로맨스,코미디",미국,존 추,
20181171,바울,20181031,드라마,미국,앤드류 하얏트,
20181404,벽 속에 숨은 마법시계,20181031,"판타지,공포(호러),미스터리,SF,스릴러",미국,일라이 로스,
20180987,할로윈,20181031,공포(호러),미국,데이빗 고든 그린,
20185485,보헤미안 랩소디,20181031,드라마,미국,브라이언 싱어,
20177538,완벽한 타인,20181031,"드라마,코미디",한국,이재규,"20155211,20062690"
20182693,구스범스: 몬스터의 역습,20181107,"판타지,어드벤처",미국,아리 산델,
20170513,동네사람들,20181107,"액션,스릴러",한국,임진순,20154208
20179006,여곡성,20181108,"공포(호러),미스터리",한국,유영선,20157389
20176814,신비한 동물들과 그린델왈드의 범죄,20181114,판타지,미국,데이빗 예이츠,
20182935,출국,20181114,드라마,한국,노규엽,20141349
20183050,번 더 스테이지: 더 무비,20181115,기타,한국,박준수,"20189763,20189561"
20186822,너의 췌장을 먹고 싶어,20181115,"애니메이션,드라마",일본,우시지마 신이치로,
20189869,해피 투게더,20181115,"드라마,코미디",한국,김정환,20189463
20182669,툴리,20181122,드라마,캐나다,제이슨 라이트맨,
20183073,베일리 어게인,20181122,"어드벤처,드라마,코미디",미국,라세 할스트롬,
20184481,성난황소,20181122,"범죄,액션",한국,김민호,"20188821,20138935"
20177552,국가부도의 날,20181128,드라마,한국,최국희,20100450
20181905,후드,20181128,어드벤처,미국,오토 바서스트,
20183007,거미줄에 걸린 소녀,20181128,"액션,스릴러,범죄",미국,페데 알바레즈,
20182966,투 프렌즈,20181129,"애니메이션,어드벤처",러시아,빅터 아즈에프,
20179230,도어락,20181205,"스릴러,드라마",한국,이권,20175163
20183745,런닝맨 : 풀룰루의 역습,20181205,애니메이션,한국,윤준상,20141388
20178825,모털 엔진,20181205,"액션,어드벤처,SF",미국,크리스찬 리버스,
20189843,호두까기 인형과 4개의 왕국,20181206,"판타지,드라마",미국,"라세 할스트롬,조 존스톤",
20183238,스파이더맨: 뉴 유니버스,20181212,"애니메이션,액션,가족",미국,"밥 퍼시케티,피터 램지,로드니 로스맨",
20182082,부탁 하나만 들어줘,20181212,"스릴러,미스터리",미국,폴 페이그,
20183479,극장판 짱구는 못말려: 아뵤! 쿵후 보이즈 ~라면 대란~,20181219,애니메이션,일본,타카하시 와타루,
20180290,아쿠아맨,20181219,액션,미국,제임스 완,
20168773,마약왕,20181219,"범죄,드라마",한국,우민호,2016841
20182421,그린치,20181219,"애니메이션,코미디",미국,스콧 모시어,
20183375,극장판 포켓몬스터 모두의 이야기,20181219,애니메이션,일본,야지마 테츠오,
20175547,스윙키즈,20181219,드라마,한국,강형철,20138660
20183785,점박이 한반도의 공룡2 : 새로운 낙원,20181225,애니메이션,한국,한상호,20112452
20186281,범블비,20181225,"액션,어드벤처,SF",미국,트래비스 나이트,
20170658,PMC: 더 벙커,20181226,액션,한국,김병우,20140593
20189463,주먹왕 랄프 2: 인터넷 속으로,20190103,"애니메이션,어드벤처,코미디,가족",미국,리치 무어,
20184105,말모이,20190109,드라마,한국,엄유나,20124216
20176251,내안의 그놈,20190109,"판타지,코미디",한국,강효진,"20063007,20100938"
20184574,그린 북,20190109,드라마,미국,피터 패럴리,
20183915,극장판 공룡메카드: 타이니소어의 섬,20190110,애니메이션,한국,"최신규,유재운",20141337
20186324,언더독,20190116,애니메이션,한국,"오성윤,이춘백",20040104
20182588,미래의 미라이,20190116,애니메이션,일본,호소다 마모루,
20182544,글래스,20190117,"드라마,미스터리,SF,스릴러",미국,M. 나이트 샤말란,
20189385,몬스터 파크,20190123,"애니메이션,어드벤처,코미디,가족,판타지",영국,안드레스 코투리어,
20182530,극한직업,20190123,코미디,한국,이병헌,"20140742,20156628,20110854"
20184896,가버나움,20190124,드라마,기타,나딘 라바키,
20185124,러브 유어셀프 인 서울,20190126,공연,한국,,"20189763,20063188"
20180868,뺑반,20190130,"범죄,액션",한국,한준희,"201921,20100103"
20186261,드래곤 길들이기 3,20190130,애니메이션,미국,딘 데블로이스,
20185478,극장판 헬로카봇: 옴파로스 섬의 비밀,20190131,애니메이션,한국,"최신규,김진철",20141337
20188282,알리타: 배틀 엔젤,20190205,"액션,어드벤처,멜로/로맨스,SF,스릴러",미국,로버트 로드리게즈,
20185444,레고 무비2,20190206,"애니메이션,액션,어드벤처",미국,마이크 미첼,
20174169,기묘한 가족,20190213,"코미디,가족",한국,이민재,"20142551,20205861"
20185881,증인,20190213,드라마,한국,이한,"20139999,20140755"
20162003,명탐정 코난:전율의 악보,20190214,"애니메이션,미스터리",일본,야마모토 야스이치로,
20184888,메리 포핀스 리턴즈,20190214,"판타지,뮤지컬",미국,롭 마샬,
20195915,해피 데스데이 2 유,20190214,"공포(호러),코미디",미국,크리스토퍼 랜던,
20185576,콜드 체이싱,20190220,액션,영국,한스 페터 몰란트,
20195743,신데렐라:마법 반지의 비밀,20190220,"애니메이션,판타지",미국,린 사우더랜드,
20177539,사바하,20190220,"미스터리,스릴러",한국,장재현,"20100374,20186561"
20180937,더 페이버릿: 여왕의 여자,20190221,드라마,미국,요르고스 란티모스,
20176442,자전차왕 엄복동,20190227,드라마,한국,김유성,201981
20196601,항거:유관순 이야기,20190227,드라마,한국,조민호,20100807
20195791,"어쩌다, 결혼",20190227,"멜로/로맨스,코미디",한국,"박호찬,박수진",20138935
20181877,캡틴 마블,20190306,"액션,어드벤처,SF",미국,"애너 보든,라이언 플렉",
20177282,리노,20190307,"애니메이션,어드벤처,가족",브라질,라파엘 리바스,
20196723,숲속왕국의 꿀벌 여왕,20190314,"애니메이션,어드벤처,코미디",프랑스,"아르나드 부롱,안톤 크링스",
20197356,라스트 미션,20190314,드라마,미국,클린트 이스트우드,
20197483,1919 유관순,20190314,다큐멘터리,한국,신상민,20190402
20197283,이스케이프 룸,20190314,"액션,공포(호러),스릴러",미국,애덤 로비텔,
20197846,악질경찰,20190320,"범죄,드라마",한국,이정범,"20100187,20139535"
20176103,돈,20190320,범죄,한국,박누리,"20122737,20126515"
20175407,우상,20190320,스릴러,한국,이수진,"20126436,20101558"
20198603,페이트 스테이 나이트 헤븐즈필 제2장 로스트 버터플라이,20190321,"애니메이션,액션,판타지",일본,스도 토모노리,
20197617,정글북: 마법 원정대,20190321,"애니메이션,어드벤처,판타지",러시아,막심 파디브,
20185352,어스,20190327,"공포(호러),스릴러",미국,조던 필,
20198146,콜레트,20190327,드라마,영국,워시 웨스트모어랜드,
20183773,장난스런 키스,20190327,멜로/로맨스,대만,프랭키 첸,
20196025,덤보,20190327,"가족,판타지",미국,팀 버튼,
20166301,썬키스 패밀리,20190327,"가족,멜로/로맨스,코미디",한국,김지혜,20158292
20183096,생일,20190403,드라마,한국,이종언,"20100248,20140808,20100787"
20197092,로망,20190403,멜로/로맨스,한국,이창근,"20175442,20110891"
20196244,샤잠!,20190403,액션,미국,데이비드 F. 샌드버그,
20198403,파이브 피트,20190410,"드라마,멜로/로맨스",미국,저스틴 밸도니,
20185406,헬보이,20190410,"액션,어드벤처,판타지",미국,닐 마샬,
20197423,공포의 묘지,20190410,"공포(호러),스릴러",미국,"케빈 콜쉬,데니스 위드미어",
20198104,바이스,20190411,드라마,미국,아담 맥케이,
20180825,미성년,20190411,드라마,한국,김윤석,"20140808,2019641"
20198844,아이 엠 마더,20190411,"액션,드라마,스릴러",미국,피에르 모렐,
20182501,왓칭,20190417,"공포(호러),스릴러",한국,김성기,20190405
20183454,요로나의 저주,20190417,공포(호러),미국,마이클 차베즈,
20198982,크게 될 놈,20190418,드라마,한국,강지은,20190406
20184889,어벤져스: 엔드게임,20190424,"액션,SF",미국,"안소니 루소,조 루소",
20169323,안도 타다오,20190425,다큐멘터리,일본,미즈노 시게노리,
20198183,뽀로로 극장판 보물섬 대모험,20190425,"애니메이션,가족",한국,"김현호,윤창섭,김현호",20020113
20185784,나의 특별한 형제,20190501,"드라마,코미디",한국,육상효,"20100545,20123320"
20197147,어글리 돌,20190501,애니메이션,미국,캘리 애스버리,
20199736,프렌즈: 둥지탈출,20190501,"애니메이션,어드벤처,코미디",독일,"크리스찬 하스,안드레아 블록",
20185384,호텔 뭄바이,20190508,스릴러,호주,앤소니 마라스,
20198598,명탐정 피카츄,20190509,"액션,어드벤처,코미디",미국,롭 레터맨,
20184082,걸캅스,20190509,"코미디,액션",한국,정다원,20137195
20187981,배심원들,20190515,드라마,한국,홍승완,20100432
20188941,악인전,20190515,"범죄,액션",한국,이원태,20138935
20198597,교회오빠,20190516,다큐멘터리,한국,이호경,"20114875,20172721"
20197503,서스페리아,20190516,공포(호러),이탈리아,루카 구아다니노,
20199448,어린 의뢰인,20190522,"드라마,가족",한국,장규성,2019901
20183867,알라딘,20190523,"어드벤처,가족,판타지",미국,가이 리치,
20199822,더 보이,20190523,"공포(호러),SF",미국,데이빗 야로베스키,
20184865,고질라: 킹 오브 몬스터,20190529,"액션,어드벤처,SF",미국,마이클 도허티,
20188144,0.0MHz,20190529,공포(호러),한국,유선동,20191081
20183782,기생충,20190530,드라마,한국,봉준호,20100558
20198291,로켓맨,20190605,"드라마,판타지",영국,덱스터 플레처,
20182387,엑스맨: 다크 피닉스,20190605,"액션,어드벤처,SF",미국,사이먼 킨버그,
20199063,빅샤크2: 해저2만리,20190606,"애니메이션,어드벤처",중국,신우,
20196657,맨 인 블랙: 인터내셔널,20190612,"액션,코미디,SF",미국,F. 게리 그레이,
20190273,천로역정: 천국을 찾아서,20190613,"애니메이션,어드벤처",미국,로버트 페르난데스,
20190466,세상을 바꾼 변호인,20190613,드라마,미국,미미 레더,
20191401,업사이드,20190613,"코미디,드라마",미국,닐 버거,
20198453,롱 리브 더 킹: 목포 영웅,20190619,"액션,드라마",한국,강윤성,"20156568,20138935"
20184047,토이 스토리 4,20190620,"애니메이션,어드벤처,코미디",미국,조시 쿨리,
20190885,사탄의 인형,20190620,공포(호러),미국,라스 클리브버그,
20192022,마담 싸이코,20190626,"공포(호러),스릴러",미국,닐 조단,
20199951,애나벨 집으로,20190626,"공포(호러),미스터리,스릴러",미국,게리 도버먼,
20196655,존 윅 3: 파라벨룸,20190626,"액션,범죄,스릴러",미국,채드 스타헬스키,
20182585,비스트,20190626,"범죄,스릴러",한국,이정호,20161781
20196309,스파이더맨: 파 프롬 홈,20190702,"액션,어드벤처,코미디,SF",미국,존 왓츠,
20185353,기방도령,20190710,"코미디,사극",한국,남대중,"20154908,20138215"
20185986,진범,20190710,스릴러,한국,고정욱,"20156929,20157368"
20191601,극장판 엉덩이 탐정: 화려한 사건 수첩,20190711,애니메이션,일본,히라야마 미호,
20192151,미드소마,20190711,공포(호러),미국,아리 에스터,
20175771,라이온 킹,20190717,"어드벤처,드라마,가족",미국,존 파브로,
20192222,사일런스,20190717,"공포(호러),스릴러",미국,존 R. 레오네티,
20190002,롱 샷,20190724,코미디,미국,조나단 레빈,
20182490,나랏말싸미,20190724,사극,한국,조철현,20158292
20192725,명탐정 코난: 감청의 권,20190724,애니메이션,일본,나가오카 치카,
20198323,레드슈즈,20190725,"애니메이션,코미디,판타지,어드벤처,멜로/로맨스",한국,홍성호,20100123
20184621,엑시트,20190731,"코미디,액션",한국,이상근,"20100374,20186561"
20180442,사자,20190731,"미스터리,액션,판타지,공포(호러)",한국,김주환,20114792
20183844,마이펫의 이중생활 2,20190731,"애니메이션,어드벤처,코미디",미국,크리스 리노드,
20191741,앵그리 버드 2: 독수리 왕국의 침공,20190807,"애니메이션,액션",미국,서럽 밴 오먼,
20193275,브링 더 소울 : 더 무비,20190807,기타,한국,박준수,"20189763,20189561"
20184462,봉오동 전투,20190807,"사극,액션,드라마",한국,원신연,"20123063,20141409,20100103"
20190741,김복동,20190808,다큐멘터리,한국,송원근,20160682
20196850,분노의 질주: 홉스&쇼,20190814,액션,미국,데이빗 레이치,
20182241,"안녕, 티라노: 영원히, 함께",20190814,애니메이션,한국,시즈노 코분,20122956
20187959,원더랜드,20190814,"애니메이션,코미디,어드벤처,가족",미국,딜런 브라운,20104469
20188404,암전,20190815,"미스터리,공포(호러)",한국,김진원,"20191741,20062859"
20185985,광대들: 풍문조작단,20190821,사극,한국,김주호,20141405
20184543,변신,20190821,"공포(호러),스릴러",한국,김홍선,20191761
20191604,애프터,20190822,"드라마,멜로/로맨스",미국,제니 게이지,
20171021,커런트 워,20190822,드라마,미국,알폰소 고메즈-레존,
20194384,안나,20190828,액션,프랑스,뤽 베송,
20181416,유열의 음악앨범,20190828,"멜로/로맨스,드라마",한국,정지우,"20139999,20123496,20203441"
20193665,47미터 2,20190828,"공포(호러),스릴러",미국,요하네스 로버츠,
20181103,벌새,20190829,드라마,한국,김보라,20161161
20192804,그것: 두 번째 이야기,20190904,스릴러,미국,안드레스 무시에티,
20193821,극장판 헬로카봇 : 달나라를 구해줘!,20190904,애니메이션,한국,"최신규,김진철",20141337
20196140,아빠는 딸,20190905,코미디,베트남,오치아이 켄,
20194541,안녕 베일리,20190905,가족,미국,게일 맨쿠소,
20194224,침입자,20190910,공포(호러),영국,찰리 스티즈,
20184572,타짜: 원 아이드 잭,20190911,"범죄,드라마",한국,권오광,"20100123,20124237,20138935"
20187322,"힘을 내요, 미스터 리",20190911,"코미디,드라마",한국,이계벽,"20137896,20160941"
20188750,나쁜 녀석들: 더 무비,20190911,"범죄,액션",한국,손용호,"20110854,20100362"
20194045,극장판 반지의 비밀일기,20190911,애니메이션,한국,한승우,"20155909,20173681"
20193807,예스터데이,20190918,드라마,미국,대니 보일,
20192982,애드 아스트라,20190919,"SF,스릴러",미국,제임스 그레이,
20194456,양자물리학,20190925,범죄,한국,이성태,20124237
20193601,장사리 : 잊혀진 영웅들,20190925,전쟁,한국,"곽경택,김태훈",20100947
20195968,더 룸,20190925,"미스터리,스릴러",프랑스,크리스티앙 볼크만,
20199446,원스 어폰 어 타임... 인 할리우드,20190925,"드라마,코미디",미국,쿠엔틴 타란티노,
20195920,가장 보통의 연애,20191002,"멜로/로맨스,코미디",한국,김한결,20100450
20195941,소피와 드래곤: 마법책의 비밀,20191002,"애니메이션,판타지,어드벤처",러시아,마리나 네페도바,
20199950,조커,20191002,"액션,드라마,스릴러",미국,토드 필립스,
20184483,퍼펙트맨,20191002,"코미디,드라마",한국,용수,"20187561,20100103"
20196380,몬스터 하우스,20191003,"애니메이션,어드벤처",캐나다,피터 레페니오티스,
20191183,제미니 맨,20191009,"액션,드라마,SF",미국,이안,
20184243,판소리 복서,20191009,"코미디,드라마",한국,정혁기,20101558
20197691,잃어버린 세계를 찾아서,20191009,"애니메이션,어드벤처",미국,크리스 버틀러,
20194223,너를 만난 여름,20191016,"드라마,멜로/로맨스",중국,장적사,
20183407,버티고,20191016,"드라마,멜로/로맨스",한국,전계수,20100414
20185361,두번할까요,20191017,"코미디,멜로/로맨스",한국,박용집,"20122736,20229111"
20191589,말레피센트 2,20191017,"어드벤처,가족,판타지",미국,요아킴 뢰닝,
20191029,82년생 김지영,20191023,드라마,한국,김도영,20192181
20198961,더 킹: 헨리 5세,20191023,드라마,네덜란드,데이비드 미쇼,
20197054,빅트립: 아기팬더 배달 대모험,20191023,애니메이션,미국,바실리 로벤스키,
20196136,람보 : 라스트 워,20191023,액션,미국,애드리언 그런버그,
20190280,날씨의 아이,20191030,"애니메이션,판타지,멜로/로맨스",일본,신카이 마코토,
20192083,터미네이터: 다크 페이트,20191030,"액션,어드벤처,SF",미국,팀 밀러,
20192589,빅 위시,20191030,"판타지,애니메이션,어드벤처",멕시코,,
20198184,빅 2: 황금열쇠 대소동,20191030,"애니메이션,가족,코미디,어드벤처",인도,,
20197279,아담스 패밀리,20191107,"애니메이션,코미디,가족",미국,"그렉 티어넌,콘래드 베논",
20181434,신의 한 수: 귀수편,20191107,"범죄,액션",한국,리건,"20110891,20140743"
20193801,닥터 슬립,20191107,스릴러,미국,마이크 플래너건,
20197721,엔젤 해즈 폴른,20191113,"액션,스릴러",미국,릭 로먼 워,
20195002,블랙머니,20191113,"범죄,드라마",한국,정지영,"20190561,20062550"
20198421,좀비랜드: 더블 탭,20191113,"액션,코미디,공포(호러)",미국,루벤 플레셔,
20196284,윤희에게,20191114,멜로/로맨스,한국,임대형,20139335
20197803,겨울왕국 2,20191121,애니메이션,미국,"크리스 벅,제니퍼 리",
20184341,얼굴없는 보스,20191121,"액션,드라마",한국,"송창용,송경용",20174164
20199576,러브 앳,20191127,"멜로/로맨스,코미디",프랑스,위고 젤랭,
20199428,크롤,20191127,"액션,스릴러",미국,알렉산더 아야,
20197336,허슬러,20191127,"범죄,드라마",미국,로렌 스카파리아,
20185161,나를 찾아줘,20191127,스릴러,한국,김승우,"20154448,20229111"
20183391,앵커,20191128,드라마,한국,최정민,20176221
20192401,포드 V 페라리,20191204,"액션,드라마",미국,제임스 맨골드,
20198430,나이브스 아웃,20191204,"미스터리,스릴러",미국,라이언 존슨,
20188462,감쪽같은 그녀,20191204,드라마,한국,허인무,20169069
20197278,라스트 크리스마스,20191205,"코미디,멜로/로맨스",미국,폴 페이그,
20190142,굿 라이어,20191205,스릴러,미국,빌 콘돈,
20198681,쥬만지: 넥스트 레벨,20191211,액션,미국,제이크 캐스단,
20198182,아내를 죽였다,20191211,"스릴러,액션",한국,김하라,20202761
20190545,카운트다운,20191212,"공포(호러),스릴러",미국,,
20198414,시동,20191218,드라마,한국,최정열,20100374
20192206,백두산,20191219,"어드벤처,드라마",한국,"이해준,김병서","20192641,20140593,20110854"
20198374,신비아파트 극장판 하늘도깨비 대 요르문간드,20191219,애니메이션,한국,변영규,20110854
20198818,프린스 코기,20191224,애니메이션,벨기에,벤 스타센,
20192721,캣츠,20191224,"뮤지컬,드라마",미국,톰 후퍼,
20199981,눈의 여왕4,20191224,"애니메이션,가족,판타지,어드벤처",러시아,"로버트 렌스,알렉세이 트시칠린",
20184571,천문: 하늘에 묻는다,20191226,사극,한국,허진호,2016841
20196272,미드웨이,20191231,"액션,드라마",미국,롤랜드 에머리히,
20191408,21 브릿지: 테러 셧다운 ,20200101,"스릴러,드라마,범죄",미국,브라이언 커크,
20199581,닥터 두리틀,20200108,"판타지,어드벤처",미국,스티븐 개건,
20195462,스타워즈: 라이즈 오브 스카이워커,20200108,"액션,어드벤처,판타지,SF",미국,J.J. 에이브럼스,
20196670,나쁜 녀석들: 포에버,20200115,액션,미국,"아딜 엘 아르비,빌랄 팔라",
20183002,해치지않아,20200115,코미디,한국,손재곤,"20100807,20140742"
20198676,타오르는 여인의 초상,20200116,드라마,프랑스,셀린 시아마,
20192101,히트맨,20200122,"코미디,액션",한국,최원섭,20141868
20180939,남산의 부장들,20200122,드라마,한국,우민호,2016841
20192300,스파이 지니어스 ,20200122,"애니메이션,액션,코미디,가족,SF",미국,"닉 브루노,트로이 콴",
20188421,미스터 주: 사라진 VIP,20200122,"코미디,드라마",한국,김태윤,20141613
20193385,하이큐!! 땅 VS 하늘,20200123,애니메이션,일본,미츠나카 스스무,
20197390,조조 래빗,20200205,"코미디,드라마,전쟁",미국,타이카 와이티티,
20191109,페인 앤 글로리,20200205,드라마,스페인,페드로 알모도바르,
20182447,클로젯,20200205,"미스터리,드라마",한국,김광빈,"20126515,20140593"
20198431,버즈 오브 프레이(할리 퀸의 황홀한 해방),20200205,"액션,어드벤처,범죄",미국,캐시 얀,
20192984,극장판 미니특공대: 공룡왕 디노 ,20200206,애니메이션,한국,이영준,20000384
20184891,수퍼 소닉,20200212,"애니메이션,액션,어드벤처",미국,제프 파울러,20104469
20193321,정직한 후보,20200212,코미디,한국,장유정,"20100340,20063279"
20192240,작은 아씨들,20200212,"드라마,멜로/로맨스",미국,그레타 거윅,
20180962,지푸라기라도 잡고 싶은 짐승들,20200219,"스릴러,범죄",한국,김용훈,20138935
20193911,"하이, 젝시",20200219,코미디,미국,"존 루카스,스콧 무어",
20192399,1917,20200219,"드라마,전쟁",미국,샘 멘데스,
20193526,젠틀맨,20200226,"범죄,액션",미국,가이 리치,
20199842,인비저블맨,20200226,공포(호러),미국,리 워넬,
20204681,더 보이 2: 돌아온 브람스 ,20200305,"공포(호러),미스터리,스릴러",미국,윌리엄 브렌트 벨,
20190864,울프 콜,20200305,"액션,스릴러",프랑스,안토닌 보드리,
20204791,다크 워터스 ,20200311,드라마,미국,토드 헤인즈,
20205096,세인트 아가타 ,20200319,"공포(호러),스릴러",미국,대런 린 보우즈만,
20205708,스케어리 스토리:어둠의 속삭임 ,20200325,"판타지,공포(호러)",미국,안드레 외브레달,
20204107,주디,20200325,"드라마,멜로/로맨스",영국,루퍼트 굴드,
20206424,사랑하고 있습니까,20200325,"판타지,멜로/로맨스",한국,김정권,20158010
20206446,n번째 이별 중,20200401,"멜로/로맨스,코미디",미국,,
20205262,엽문4: 더 파이널,20200401,"액션,드라마",홍콩,엽위신,
20205841,더 터닝 ,20200402,"미스터리,공포(호러)",미국,플로리아 시지스몬디,
20206402,오픈 더 도어 ,20200408,"공포(호러),스릴러",러시아,올가 고로데츠카야,
20205902,신과 나: 100일간의 거래,20200408,"미스터리,스릴러,판타지",기타,팍품 웡품,
20206021,건즈 아킴보,20200415,액션,영국,제이슨 레이 하우덴,
20206447,라라걸,20200415,드라마,호주,레이첼 그리피스,
20204741,비밀정보원: 인 더 프리즌 ,20200415,"범죄,스릴러",영국,안드레아 디 스테파노,
20196716,유령선,20200415,다큐멘터리,한국,김지영,20203641
20206190,서치 아웃,20200415,스릴러,한국,곽정,20175641
20206865,애프터 웨딩 인 뉴욕 ,20200423,드라마,영국,바트 프룬디치,
20207101,헌트,20200423,"액션,공포(호러),스릴러",미국,크레이그 조벨,
20205402,트롤: 월드 투어,20200429,"애니메이션,어드벤처,코미디",미국,"월트 도른,데이빗 P.스미스",
20181685,호텔 레이크,20200429,공포(호러),한국,윤은경,"20190681,20100036"
20197397,나의 청춘은 너의 것,20200429,멜로/로맨스,대만,"주동,대몽영",20101102
20206441,마이 스파이,20200429,"액션,코미디",미국,피터 시걸,
20207722,저 산 너머,20200430,드라마,한국,최종태,20203721
20207893,프리즌 이스케이프,20200506,"어드벤처,스릴러",영국,,
20207341,레이니 데이 인 뉴욕,20200506,"코미디,멜로/로맨스",미국,우디 앨런,
20208282,더 플랫폼,20200513,"SF,스릴러",스페인,,
20208562,씨 피버,20200513,"SF,공포(호러)",아일랜드,니사 하디만,
20208686,콜 오브 와일드,20200514,"어드벤처,드라마,가족",미국,크리스 샌더스,
20113252,톰보이,20200514,드라마,프랑스,셀린 시아마,
20208122,카페 벨에포크,20200520,"코미디,드라마",프랑스,니콜라스 베도스,
20209161,언더워터,20200527,스릴러,미국,윌리엄 유뱅크,
20208264,미스비헤이비어,20200527,드라마,영국,필립파 로소프,
20207501,그집,20200527,"공포(호러),스릴러",스페인,,
20196782,초미의 관심사,20200527,드라마,한국,남연우,20203941
20209029,아홉 스님,20200527,드라마,한국,윤성준,"20139095,20187781"
20190461,프랑스여자,20200604,드라마,한국,김희정,20122471
20197863,침입자,20200604,"미스터리,스릴러",한국,손원평,20138935
20209463,나의 첫 번째 슈퍼스타,20200610,"코미디,드라마",미국,니샤 가나트라,
20198890,아이즈 온 미 : 더 무비,20200610,공연,한국,박재석,20203082
20183813,결백,20200610,드라마,한국,박상현,20172901
20195711,너는 달밤에 빛나고,20200610,멜로/로맨스,일본,츠키카와 쇼,
20205481,에어로너츠,20200610,"드라마,어드벤처",영국,톰 하퍼,
20191048,온워드: 단 하루의 기적,20200617,"애니메이션,어드벤처,판타지",미국,댄 스캔론,
20196702,야구소녀,20200618,드라마,한국,최윤태,20100572
20193859,사라진 시간,20200618,"미스터리,드라마",한국,정진영,"20138935,20204281"
20193069,#살아있다,20200624,드라마,한국,조일형,"20100450,20204221"
20209644,엔딩스 비기닝스,20200624,"드라마,멜로/로맨스",미국,드레이크 도리머스,20110854
20208617,인베이젼 2020,20200701,SF,러시아,표도르 본다르추크,
20196201,소리꾼,20200701,"사극,드라마",한국,조정래,20123223
20200361,"아무튼, 아담",20200702,드라마,미국,,
20204644,밤쉘: 세상을 바꾼 폭탄선언,20200708,드라마,미국,제이 로치,
20208182,그레텔과 헨젤,20200708,"판타지,미스터리",캐나다,오즈 퍼킨스,
20200162,소년시절의 너,20200709,"멜로/로맨스,드라마,범죄,가족",중국,증국상,
20193450,반도,20200715,"액션,드라마",한국,연상호,20140808
20200845,비바리움,20200716,"미스터리,SF,공포(호러)",미국,,
20209882,블루 아워,20200722,드라마,일본,하코타 유코,
20201265,팬데믹,20200722,스릴러,미국,,
20200749,파리의 인어,20200723,"멜로/로맨스,판타지",프랑스,마티아스 마르지유,
20196271,강철비2: 정상회담,20200729,"드라마,액션",한국,양우석,20204661
20200491,빅샤크3: 젤리몬스터 대소동,20200729,애니메이션,중국,신우,
20201287,애니멀 크래커,20200805,"애니메이션,어드벤처,가족,판타지",미국,토니 밴크로프트,
20197922,다만 악에서 구하소서,20200805,"범죄,액션",한국,홍원찬,2016841
20199883,오케이 마담,20200812,"코미디,액션",한국,이철하,"20130328,20122737"
20188362,더 프린세스 : 도둑맞은 공주,20200812,"애니메이션,판타지",우크라이나,올레말라므,
20205970,워터 릴리스,20200813,"드라마,멜로/로맨스",프랑스,셀린 시아마,
20201968,반교: 디텐션,20200813,공포(호러),기타,존 쉬,
20203461,시크릿 가든,20200819,"드라마,가족,판타지",영국,마크 먼든,
20202281,극장판 짱구는 못말려: 신혼여행 허리케인~ 사라진 아빠!,20200820,애니메이션,일본,하시모토 마사카즈,
20196773,남매의 여름밤,20200820,드라마,한국,윤단비,20202941
20201122,테넷,20200826,"액션,SF",미국,크리스토퍼 놀란,
20202961,고스트 오브 워,20200902,"미스터리,공포(호러),스릴러",영국,에릭 브레스,
20193666,오! 문희,20200902,"코미디,드라마",한국,정세교,20123063
20189973,카일라스 가는 길,20200903,다큐멘터리,한국,정형민,20161382
20202203,에이바,20200909,"액션,범죄,드라마",미국,테이트 테일러,
20201687,기기괴괴 성형수,20200909,"공포(호러),스릴러",한국,조경훈,"20175522,20100330"
20175405,뉴 뮤턴트,20200910,"액션,공포(호러),SF",미국,조쉬 분,
20202204,더 렌탈 : 소리없는 감시자,20200916,"공포(호러),스릴러",미국,데이브 프랑코,
20193822,뮬란,20200917,"어드벤처,드라마,가족",미국,니키 카로,
20205001,도망친 여자,20200917,드라마,한국,홍상수,20100332
20190601,디바,20200923,"스릴러,미스터리",한국,조슬예,"20130328,20161162"
20178401,검객,20200923,액션,한국,최재훈,20100410
20202341,아웃포스트,20200923,"전쟁,드라마",미국,로드 루리,
20204684,브레이크 더 사일런스: 더 무비,20200924,다큐멘터리,한국,박준수,20205421
20206178,극장판 엉덩이 탐정: 텐텐마을의 수수께끼,20200924,애니메이션,일본,시바타 히로키,
20184482,국제수사,20200929,"코미디,액션",한국,김봉한,20158289
20206826,"그대, 고맙소 : 김호중 생애 첫 팬미팅 무비",20200929,공연,한국,,20203082
20204008,그린랜드,20200929,"액션,스릴러",미국,릭 로먼 워,
20190621,죽지않는 인간들의 밤,20200929,"코미디,스릴러",한국,신정원,"20156051,20139196"
20199816,담보,20200929,드라마,한국,강대규,"20100278,20111482,20110854,20141909"
20206588,극장판 미니특공대: 햄버거괴물의 습격,20200930,"애니메이션,액션",한국,이영준,20000384
20206062,극장판 포켓몬스터 뮤츠의 역습 EVOLUTION,20200930,애니메이션,일본,"유야마 쿠니히코,사카키바라 모토노리",
20202684,언힌지드,20201007,"스릴러,범죄",미국,데릭 보트,
20202502,애프터: 그 후,20201007,"멜로/로맨스,드라마",미국,로저 컴블,
20206362,"어디갔어, 버나뎃",20201008,"코미디,드라마",미국,리차드 링클레이터,
20183583,폰조,20201014,"범죄,드라마",미국,조쉬 트랭크,
20208393,극장판 요괴워치: 포에버 프렌즈,20201015,애니메이션,일본,타카하시 시게하루,
20194424,소리도 없이,20201015,"범죄,드라마",한국,홍의정,"20156868,20188121"
20181162,돌멩이,20201015,드라마,한국,김정식,20169408
20197121,삼진그룹 영어토익반,20201021,드라마,한국,이종필,20124216
20203842,페이트 스테이 나이트 헤븐즈필 제3장 스프링 송,20201022,"애니메이션,액션,판타지",일본,스도 토모노리,
20196676,종이꽃,20201022,드라마,한국,고훈,"20100863,20101113"
20192271,부니베어: 원시시대 대모험,20201022,"애니메이션,판타지,어드벤처",중국,정량,
20208508,미스터트롯: 더 무비,20201022,공연,한국,전수경,20172421
20209304,다만 악에서 구하소서 파이널컷,20201028,액션,한국,홍원찬,2016841
20205980,테슬라,20201028,드라마,미국,마이클 알메레이다,
20192193,도굴,20201104,범죄,한국,박정배,20175685
20209370,킹덤 오브 헤븐: 디렉터스 컷,20201111,액션,영국,리들리 스콧,
20204432,애비규환,20201112,"드라마,코미디",한국,최하나,"20141655,20176244"
20206547,극장판 바이올렛 에버가든,20201112,"애니메이션,드라마,판타지",일본,이시다테 타이치,
20208448,극장판 바다 탐험대 옥토넛 : 대산호초 보호작전,20201112,"애니메이션,뮤지컬,어드벤처",영국,,
20190582,내가 죽던 날,20201112,드라마,한국,박지완,"20205861,20218362"
20209650,택스 콜렉터,20201118,액션,미국,데이비드 에이어,
20208961,마리 퀴리,20201118,드라마,프랑스,마르잔 사트라피,
20200200,추억의 검정고무신,20201119,애니메이션,한국,송정율,20205722
20200294,런,20201120,"미스터리,스릴러",미국,아니쉬 차간티,
20181983,이웃사촌,20201125,"드라마,코미디",한국,이환경,"20139516,20189181"
20201123,프리키 데스데이,20201125,"코미디,공포(호러)",미국,크리스토퍼 랜던,
20209771,가나의 혼인잔치: 언약,20201126,"다큐멘터리,드라마",미국,,
20197853,잔칫날,20201202,"드라마,가족",한국,김록경,20187361
20200554,더 프롬,20201202,"코미디,뮤지컬",미국,라이언 머피,
20206710,파티마의 기적 ,20201203,드라마,미국,마르코 폰테코르보,
20200883,미드나이트 스카이,20201209,"드라마,판타지,SF",미국,조지 클루니,
20201002,조제,20201210,"멜로/로맨스,드라마",한국,김종관,20175501
20202366,800,20201210,"전쟁,액션",중국,관후,
20200936,리플레이,20201216,"드라마,뮤지컬",미국,데이비드 하인즈,
20201174,언플랜드,20201217,드라마,미국,"척 콘젤만,캐리 솔로몬",
20192567,원더 우먼 1984,20201223,"액션,어드벤처",미국,팻티 젠킨스,
20202128,100% 울프: 푸들이 될 순 없어,20201224,애니메이션,호주,알렉스 스타더만,
20209538,썸머 85,20201224,"멜로/로맨스,드라마",기타,프랑수아 오종,
20202647,나이팅게일,20201230,스릴러,호주,제니퍼 켄트,
20202703,뱅가드,20201230,액션,중국,당계례,
20202130,빅풋 주니어2: 패밀리가 떴다,20210106,애니메이션,기타,"벤 스타센,제레미 드그루손",
20202931,완벽한 가족,20210106,드라마,미국,로저 미첼,
20200512,미스터 존스,20210107,"드라마,스릴러",폴란드,아그네츠카 홀란드,
20182674,걸,20210107,드라마,독일,루카스 돈트,
20078386,블라인드,20210114,"드라마,멜로/로맨스",네덜란드,타마르 반 덴 도프,
20197277,#아이엠히어,20210114,"멜로/로맨스,코미디",프랑스,에릭 라티고,
20198056,아이 엠 우먼,20210114,"드라마,멜로/로맨스",호주,문은주,
20203689,마이 미씽 발렌타인,20210114,"멜로/로맨스,코미디",기타,진옥훈,
20207443,소울,20210120,애니메이션,미국,피트 닥터,"20101412,20104491"
20202540,커넥트,20210120,"공포(호러),미스터리",미국,제이콥 체이스,
20202924,파힘,20210121,드라마,프랑스,피에르 프랑소와 마틴 라발,
20201649,명탐정 코난: 진홍의 수학여행,20210127,애니메이션,일본,야마모토 야스이치로,
20201022,북스마트,20210127,코미디,미국,올리비아 와일드,
20215041,토이 솔져스: 가짜사나이2 더 컴플리트,20210127,다큐멘터리,한국,오윤동,20203082
20200703,극장판 귀멸의 칼날: 무한열차편,20210127,애니메이션,일본,소토자키 하루오,
20209926,세자매,20210127,드라마,한국,이승원,20188541
20198053,나는 나를 해고하지 않는다,20210128,드라마,한국,이태겸,"20174882,20188001"
20202792,스트레스 제로,20210203,애니메이션,한국,이대희,"20122976,20203884"
20215301,어니스트 씨프,20210203,"액션,범죄,드라마",미국,마크 윌리엄스,
20204333,페어웰,20210204,"가족,드라마",미국,룰루 왕,
20209627,아이,20210210,드라마,한국,김현탁,"20124237,20139999"
20190323,새해전야,20210210,"멜로/로맨스,코미디",한국,홍지영,20100340
20203009,드림빌더,20210210,"애니메이션,어드벤처,가족,판타지",기타,,
20214981,몬스터 헌터,20210210,"액션,어드벤처",미국,폴 W.S. 앤더슨,
20215810,송가인 더 드라마 ,20210211,공연,한국,"이태슬,김성윤",20216782
20202812,마리오네트,20210217,"미스터리,스릴러",네덜란드,앨버트 반 스트리엔,
20199541,미션 파서블,20210217,"코미디,액션",한국,김형주,20190721
20200311,더블패티,20210217,드라마,한국,백승환,20156848
20214848,퍼펙트 케어,20210219,"범죄,스릴러",미국,J 블레이크슨,
20215843,카오스 워킹,20210224,어드벤처,미국,더그 라이만,
20215221,더 레이서,20210224,드라마,기타,키에론 J 월쉬,
20209013,워 위드 그랜파,20210224,코미디,미국,팀 힐,
20202555,톰과 제리,20210224,애니메이션,미국,팀 스토리,
20198663,고백,20210224,"드라마,범죄",한국,서은영,20157129
20216583,루시드 드림,20210302,"판타지,드라마,코미디",홍콩,,
20205144,미나리,20210303,드라마,미국,정이삭,
20200263,라야와 마지막 드래곤,20210304,"애니메이션,액션,어드벤처",미국,"돈 홀,카를로스 로페즈 에스트라다",
20215056,아이 씨 유,20210311,"스릴러,공포(호러),범죄",영국,아담 랜달,
20216022,웨이 다운,20210311,"액션,어드벤처,범죄",스페인,하우메 발라게로,
20216051,리스타트,20210311,액션,미국,조 카나한,
20216069,모리타니안,20210317,"스릴러,드라마",미국,케빈 맥도널드,
20216361,브레이브 언더 파이어,20210317,액션,러시아,,
20216768,몬테크리스토: 더 뮤지컬 라이브,20210319,공연,한국,오윤동,20203082
20216673,더 박스,20210324,드라마,한국,양정웅,20169408
20216432,최면,20210324,"공포(호러),스릴러",한국,최재훈,20111081
20215850,고질라 VS. 콩,20210325,액션,미국,아담 윈가드,
20190683,아무도 없는 곳,20210331,드라마,한국,김종관,20175501
20205155,"조제, 호랑이 그리고 물고기들",20210331,애니메이션,일본,타무라 코타로,
20197434,자산어보,20210331,"사극,드라마",한국,이준익,20100207
20214847,해길랍,20210331,멜로/로맨스,기타,채밀결,
20200065,더 파더,20210407,드라마,영국,플로리안 젤러,
20215803,타인의 친절,20210407,드라마,영국,론 쉐르픽,
20216492,노바디,20210407,"액션,코미디",미국,일리야 나이슐러,
20216523,모탈 컴뱃,20210408,"액션,어드벤처,판타지",미국,,
20215046,노매드랜드,20210415,드라마,미국,클로이 자오,
20199630,어른들은 몰라요,20210415,드라마,한국,이환,20191641
20183003,서복,20210415,"드라마,액션",한국,이용주,"20110854,20100781"
20216710,명탐정 코난: 비색의 탄환,20210416,애니메이션,일본,나가오카 치카,
20194501,내일의 기억,20210421,"미스터리,스릴러",한국,서유민,"20169812,20122534"
20216703,더 스파이,20210428,스릴러,미국,도미닉 쿡,
20217278,마크맨,20210428,액션,미국,로버트 로렌즈,
20193068,비와 당신의 이야기,20210428,"드라마,멜로/로맨스",한국,조진모,20140743
20216908,극장판 바다 탐험대 옥토넛 : 불의 고리 대폭발,20210428,"애니메이션,액션,어드벤처",영국,,
20217551,내가 죽기를 바라는 자들,20210505,"범죄,스릴러",미국,테일러 쉐리던,
20217174,극장판 콩순이: 장난감나라 대모험,20210505,애니메이션,한국,이선명,20217163
20202585,크루즈 패밀리: 뉴 에이지,20210505,"애니메이션,코미디,어드벤처",미국,조엘 크로포드,
20214763,내겐 너무 소중한 너,20210512,드라마,한국,"이창원,권성모","20216401,20100066"
20200524,아들의 이름으로,20210512,"드라마,스릴러",한국,이정국,20050075
20217484,스파이럴,20210512,스릴러,헝가리,대런 린 보우즈만,
20217478,도라에몽: 스탠바이미 2,20210519,애니메이션,일본,야기 류이치,
20205041,분노의 질주: 더 얼티메이트,20210519,액션,미국,저스틴 린,
20216362,크루엘라,20210526,"드라마,범죄,코미디",미국,크레이그 질레스피,
20217573,굴뚝마을의 푸펠,20210526,"애니메이션,판타지",일본,,
20217500,보이저스,20210526,"SF,어드벤처,스릴러",미국,닐 버거,
20194461,파이프라인,20210526,범죄,한국,유하,20156929
20216083,프로페서 앤 매드맨,20210602,"드라마,미스터리,스릴러",미국,P.B. 셰므란,
20217707,뱅드림! 로젤리아 에피소드Ⅰ: 약속,20210603,애니메이션,일본,카키모토 코다이,
20217736,컨저링3: 악마가 시켰다,20210603,"공포(호러),미스터리,스릴러",미국,마이클 차베즈,
20217651,캐시트럭,20210609,액션,미국,가이 리치,
20217692,아야와 마녀,20210610,애니메이션,일본,미야자키 고로,
20202477,플래시백,20210610,"드라마,스릴러",캐나다,,
20216581,사랑하고 사랑받고 차고 차이고,20210616,"드라마,멜로/로맨스",일본,미키 타카히로,
20204261,콰이어트 플레이스 2,20210616,스릴러,미국,존 크래신스키,
20218240,여고괴담 여섯번째 이야기 : 모교,20210617,"미스터리,공포(호러)",한국,이미영,20100025
20216685,루카,20210617,"애니메이션,어드벤처,코미디",미국,엔리코 카사로사,
20217950,킬러의 보디가드 2,20210623,"액션,코미디,범죄",미국,패트릭 휴즈,
20192696,발신제한,20210623,"스릴러,액션",한국,김창주,"20100781,20110854"
20200416,크레센도,20210624,드라마,독일,드로르 자하비,
20198161,미드나이트,20210630,스릴러,한국,권오승,20101149
20204790,인 더 하이츠,20210630,"뮤지컬,드라마",미국,존 추,
20218345,괴기맨숀,20210630,공포(호러),한국,조바른,20124237
20218006,체르노빌 1986,20210630,"액션,스릴러",러시아,다닐라 코즈로브스키,
20191951,블랙 위도우,20210707,"액션,어드벤처,SF",미국,케이트 쇼트랜드,
20217024,오필리아,20210714,"멜로/로맨스,드라마",미국,클레어 맥카시,
20218348,이스케이프 룸 2: 노 웨이 아웃,20210714,"액션,공포(호러),스릴러",미국,애덤 로비텔,
20218364,랑종,20210714,"공포(호러),스릴러,드라마",한국,반종 피산다나쿤,20217643
20218333,꽃다발 같은 사랑을 했다,20210714,멜로/로맨스,일본,도이 노부히로,
20217490,스페이스 잼: 새로운 시대,20210715,"애니메이션,어드벤처,코미디",미국,말콤 D. 리,
20218391,보스 베이비 2,20210721,"애니메이션,코미디,어드벤처",미국,톰 맥그라스,
20218567,아이스 로드,20210721,스릴러,미국,조나단 헨스라이,
20200237,호스트: 접속금지,20210721,공포(호러),영국,롭 새비지,
20218420,은혼 더 파이널,20210722,애니메이션,일본,,
20204117,모가디슈,20210728,"액션,드라마",한국,류승완,"20160941,20100374,20186561"
20202185,방법: 재차의,20210728,"미스터리,스릴러",한국,김용완,"20203941,20110854,20161961,20114792"
20218349,정글 크루즈,20210728,"액션,어드벤처",미국,자움 콜렛 세라,
20218815,블랙핑크 더 무비,20210804,공연,한국,"오윤동,정수이",20203082
20217845,더 수어사이드 스쿼드,20210804,"액션,어드벤처,판타지,미스터리,SF",미국,제임스 건,
20218875,극장판 도라에몽: 진구의 신공룡,20210805,"애니메이션,어드벤처",일본,이마이 카즈아키,
20218834,그린 나이트,20210805,"어드벤처,드라마,판타지",미국,데이빗 로워리,
20192986,프리 가이 ,20210811,"액션,어드벤처",미국,숀 레비,
20196270,싱크홀,20210811,코미디,한국,김지훈,20063209
20219381,퍼피 구조대 더 무비,20210818,애니메이션,미국,캘런 브런커,
20192194,인질,20210818,"액션,스릴러",한국,필감성,"20100374,20218182"
20218392,올드,20210818,"공포(호러),스릴러",미국,M. 나이트 샤말란,
20218653,귀문,20210825,"미스터리,스릴러,공포(호러)",한국,심덕근,"20123795,20100128"
20218985,레미니센스,20210825,"SF,미스터리,멜로/로맨스",미국,리사 조이,
20219331,여름날 우리,20210825,"코미디,멜로/로맨스",중국,한톈,
20218904,코다,20210831,드라마,프랑스,션 헤이더,
20219822,맨 인 더 다크 2,20210901,"공포(호러),스릴러",미국,로도 사야구에즈,
20217742,샹치와 텐 링즈의 전설,20210901,"액션,어드벤처,판타지",미국,데스틴 다니엘 크리튼,
20219185,건파우더 밀크셰이크,20210908,액션,프랑스,나봇 파푸샤도,
20216801,"극장판 포켓몬스터: 정글의 아이, 코코",20210915,애니메이션,일본,야지마 테츠오,
20200474,기적,20210915,드라마,한국,이장훈,20154810
20218604,극장판 짱구는 못말려: 격돌! 낙서왕국과 얼추 네 명의 용사들,20210915,애니메이션,일본,쿄고쿠 타카히코,
20219311,말리그넌트,20210915,"스릴러,미스터리",미국,제임스 완,
20190815,보이스,20210915,"범죄,액션",한국,"김선,김곡",20100340
20219770,캔디맨,20210922,"미스터리,공포(호러)",미국,니아 다코스타,
20219826,용과 주근깨 공주,20210929,"애니메이션,어드벤처,드라마",일본,호소다 마모루,
20191061,007 노 타임 투 다이,20210929,액션,미국,캐리 후쿠나가,
20218758,수색자,20210929,스릴러,한국,김민섭,20050215
20210168,F20,20211006,스릴러,한국,홍은미,"20114875,20218241"
20218052,베놈 2: 렛 데어 비 카니지,20211013,"액션,SF,스릴러",미국,앤디 서키스,
20200302,십개월의 미래 ,20211014,드라마,한국,남궁선,20199901
20203824,노회찬6411,20211014,다큐멘터리,한국,민환기,"20100545,20218281,20218282"
20210087,듄,20211020,SF,미국,드니 빌뇌브,
20219115,라스트 듀얼: 최후의 결투,20211020,"액션,스릴러",미국,리들리 스콧,
20210865,고장난 론,20211027,애니메이션,미국,"사라 스미스,장 필립 바인,옥타비오 E. 로드리게즈",
20210662,애프터: 관계의 함정,20211027,멜로/로맨스,미국,캐스틸 랜던,
20210682,바다 탐험대 옥토넛 : 육지수호 대작전,20211027,"애니메이션,액션,어드벤처",영국,,
20210587,아네트,20211027,"드라마,뮤지컬,멜로/로맨스",프랑스,레오스 카락스,
20218256,이터널스,20211103,"액션,어드벤처,드라마",미국,클로이 자오,
20210262,세버그,20211104,"드라마,스릴러",미국,,
20210937,아담스 패밀리 2,20211110,"애니메이션,코미디,가족",미국,"그렉 티어넌,콘래드 베논",
20203286,강릉,20211110,"범죄,액션",한국,윤영빈,"20217061,20217062,20188142,20142369"
20210301,귀멸의 칼날: 남매의 연,20211110,애니메이션,일본,소토자키 하루오,
20211313,"틱, 틱... 붐!",20211112,"드라마,뮤지컬",미국,린-마누엘 미란다,
20210244,디어 에반 핸슨,20211117,"뮤지컬,드라마",미국,스티븐 크보스키,
20211261,귀멸의 칼날: 나타구모산 편,20211117,애니메이션,일본,소토자키 하루오,
20191243,장르만 로맨스,20211117,"드라마,코미디",한국,조은지,20160281
20210600,프렌치 디스패치,20211118,"코미디,드라마,멜로/로맨스",미국,웨스 앤더슨,
20210864,엔칸토: 마법의 세계,20211124,애니메이션,미국,"바이론 하워드,자레드 부시,채리스 카스트로 스미스",
20196264,유체이탈자,20211124,"판타지,액션",한국,윤재근,"20138935,20122494"
20205986,연애 빠진 로맨스,20211124,"멜로/로맨스,코미디",한국,정가영,"20110854,20228853"
20211157,앰뷸런스,20211125,스릴러,이탈리아,,
20196763,고스트버스터즈 라이즈,20211201,"어드벤처,미스터리,액션",미국,제이슨 라이트맨,
20210663,라스트 나잇 인 소호,20211201,"공포(호러),스릴러,미스터리",미국,에드가 라이트,
20211271,귀멸의 칼날: 주합회의·나비저택 편,20211201,애니메이션,일본,소토자키 하루오,
20183772,태일이,20211201,애니메이션,한국,홍준표,"20100545,20218481,20218361,20190561,20218461"
20211413,몬스타엑스 : 더 드리밍,20211208,다큐멘터리,한국,오윤동,20203082
20212015,돈 룩 업,20211208,"코미디,드라마,SF",미국,아담 맥케이,
20211831,극장판 소드 아트 온라인 -프로그레시브- 별 없는 밤의 아리아,20211209,"애니메이션,액션,판타지",일본,카와노 아야코,
20210028,스파이더맨: 노 웨이 홈,20211215,"액션,어드벤처,SF",미국,존 왓츠,
20211281,매트릭스: 리저렉션,20211222,"액션,SF",미국,라나 워쇼스키,
20194403,킹스맨: 퍼스트 에이전트,20211222,액션,미국,매튜 본,
20211768,신데렐라 2: 마법에 걸린 왕자,20211222,"애니메이션,판타지,어드벤처",미국,앨리스 블레하트,
20218415,드라이브 마이 카,20211223,드라마,일본,하마구치 류스케,
20218390,램,20211229,공포(호러),기타,발디마르 요한손,
20217807,해피 뉴 이어,20211229,"멜로/로맨스,드라마",한국,곽재용,2016841
20199882,경관의 피,20220105,"범죄,드라마",한국,이규만,20141613
20218764,씽2게더,20220105,애니메이션,미국,가스 제닝스,
20211735,원샷,20220110,"액션,전쟁",영국,제임스 넌,
20211740,비욘드라이브 더 무비 : 엔시티 레조넌스,20220112,공연,한국,,20063188
20192354,특송,20220112,"범죄,액션",한국,박대민,20111289
20193082,웨스트 사이드 스토리,20220112,"드라마,뮤지컬",미국,스티븐 스필버그,
20211241,클리포드 더 빅 레드 독,20220112,"어드벤처,드라마,가족",미국,월트 벡커,20104469
20211177,하우스 오브 구찌,20220112,"범죄,드라마,스릴러",미국,리들리 스콧,
20212672,레지던트 이블: 라쿤시티,20220119,"액션,공포(호러)",미국,요하네스 로버츠,
20219626,어나더 라운드,20220119,"코미디,드라마",기타,토마스 빈터베르그,
20223398,장민호 드라마 최종회,20220124,공연,한국,,"20063188,20204721"
20201965,해적: 도깨비 깃발,20220126,"어드벤처,액션,코미디",한국,김정훈,"20169190,20205861"
20188441,킹메이커,20220126,드라마,한국,변성현,20188261
20212952,극장판 안녕 자두야: 제주도의 비밀,20220127,애니메이션,한국,손석우,20169708
20205443,나일 강의 죽음,20220209,"범죄,드라마,미스터리",미국,케네스 브래너,
20219245,만년이 지나도 변하지 않는 게 있어,20220209,"멜로/로맨스,액션,공포(호러),코미디,판타지",대만,구파도,
20212836,355,20220209,액션,미국,사이먼 킨버그,
20205261,나의 촛불,20220210,다큐멘터리,한국,"김의성,주진우",20228844
20223302,리코리쉬 피자,20220216,"멜로/로맨스,드라마",미국,폴 토마스 앤더슨,
20211200,언차티드,20220216,"액션,어드벤처",미국,루벤 플레셔,
20223308,극장판 바다 탐험대 옥토넛 : 해저동굴 대탈출	,20220217,"애니메이션,액션,어드벤처",영국,,
20223278,극장판 주술회전 0,20220217,애니메이션,일본,박성후,
20212741,안테벨룸,20220223,"미스터리,스릴러",미국,"제라드 부시,크리스토퍼 렌즈",
20223743,나이트메어 앨리,20220223,"범죄,드라마,스릴러",미국,기예르모 델 토로,
20212708,시라노,20220223,"멜로/로맨스,뮤지컬,드라마",미국,조 라이트,
20208006,인민을 위해 복무하라,20220223,"멜로/로맨스,드라마",한국,장철수,"20140511,20142369"
20212973,더 배트맨,20220301,"액션,범죄,드라마",미국,맷 리브스,
20223828,나의 히어로 아카데미아 더 무비: 월드 히어로즈 미션,20220309,애니메이션,일본,나가사키 켄지,
20223953,블랙라이트,20220309,"액션,스릴러",미국,마크 윌리엄스,
20190299,이상한 나라의 수학자,20220309,드라마,한국,박동훈,20123320
20223676,문폴,20220316,"액션,드라마,스릴러,SF,어드벤처",미국,롤랜드 에머리히,
20216064,하늘의 푸르름을 아는 사람이여,20220316,"애니메이션,판타지,멜로/로맨스",일본,나가이 타츠유키,
20223950,메리 미,20220316,"멜로/로맨스,코미디",미국,캣 코이로,
20210541,스펜서,20220316,드라마,영국,파블로 라라인,
20223404,에펠,20220323,"멜로/로맨스,드라마",프랑스,마르탱 부르불롱,
20223583,벨파스트,20220323,드라마,미국,케네스 브래너,
20199500,뜨거운 피,20220323,"범죄,드라마",한국,천명관,20199861
20224069,뱅드림! 팝핀' 드림!,20220324,애니메이션,일본,카키모토 코다이,
20224143,킹 리차드,20220324,"가족,드라마",미국,레이날도 마르쿠스 그린,
20200418,배니싱: 미제사건,20220330,"범죄,스릴러",프랑스,드니 데르쿠르,
20204431,모비우스,20220330,"액션,어드벤처,드라마",미국,다니엘 에스피노사,
20223403,극장판 시그널,20220331,"드라마,범죄",일본,하시모토 하지메,
20219344,패러렐 마더스,20220331,"멜로/로맨스,스릴러",스페인,페드로 알모도바르,
20212618,수퍼 소닉2,20220406,"애니메이션,액션,어드벤처,코미디,가족,판타지,SF",미국,제프 파울러,20104469
20212724,앰뷸런스,20220406,"액션,범죄",미국,마이클 베이,
20196906,스텔라,20220406,"코미디,드라마",한국,권수경,20188142
20223614,루이스 웨인: 사랑을 그린 고양이 화가,20220406,"드라마,멜로/로맨스",미국,,
20217298,불도저에 탄 소녀,20220407,드라마,한국,박이웅,20217162
20212725,신비한 동물들과 덤블도어의 비밀,20220413,"어드벤처,가족,판타지",미국,데이빗 예이츠,
20219310,말임씨를 부탁해,20220413,드라마,한국,박경목,"20137915,20190282"
20196669,앵커,20220420,스릴러,한국,정지연,"20101693,20140742,20100807"
20224142,세븐틴 파워 오브 러브 : 더 무비,20220420,"공연,다큐멘터리",한국,오윤동,20203082
20212783,로스트 시티,20220420,"액션,코미디,멜로/로맨스,어드벤처",미국,,
20204845,공기살인,20220422,드라마,한국,조용선,"20217723,20139196"
20217769,봄날,20220427,"드라마,액션",한국,이돈구,20124237
20217982,서울괴담,20220427,공포(호러),한국,홍원기,"20229042,20141469"
20178501,니 부모 얼굴이 보고 싶다,20220427,드라마,한국,김지훈,"20063209,20124236,20173642"
20210962,우연과 상상,20220504,"드라마,멜로/로맨스",일본,하마구치 류스케,
20223388,토르: 마법 검의 전설,20220504,"애니메이션,판타지,액션,어드벤처",독일,,
20224270,배드 가이즈,20220504,"애니메이션,범죄,액션",미국,피에르 페리펠,
20212855,닥터 스트레인지: 대혼돈의 멀티버스,20220504,"액션,어드벤처,판타지",미국,샘 레이미,
20224148,극장판 엉덩이 탐정: 수플레 섬의 비밀,20220505,애니메이션,일본,자코 아키후미,
20223991,어부바,20220511,가족,한국,최종학,"20218381,20155509"
20224223,엄마,20220511,스릴러,미국,아이리스 심,
20223940,민스미트 작전,20220511,"드라마,전쟁",미국,존 매든,
20204548,범죄도시2,20220518,"범죄,액션",한국,이상용,"20229048,20063279,20138935"
20211568,"아치의 노래, 정태춘",20220518,다큐멘터리,한국,고영재,20063002
20224634,그대가 조국,20220525,다큐멘터리,한국,이승준,20228985
20217334,안녕하세요,20220525,드라마,한국,차봉주,"20228961,20228962"
20224304,피는 물보다 진하다,20220525,액션,한국,김희성,20217101
20143441,몬스터 싱어: 매직 인 파리,20220526,"애니메이션,뮤지컬,어드벤처",프랑스,비보 베르즈롱,
20225055,뜨거운 피: 디 오리지널,20220526,"액션,범죄",한국,천명관,20199861
20211382,오마주,20220526,드라마,한국,신수원,20142791
20210590,카시오페아,20220601,드라마,한국,신연식,20101097
20206061,쥬라기 월드: 도미니언,20220601,"액션,어드벤처",미국,콜린 트레보로우,
20135304,극장판 포켓몬스터DP: 기라티나와 하늘의 꽃다발 쉐이미,20220601,애니메이션,일본,유야마 쿠니히코,
20224891,특수요원 빼꼼,20220601,애니메이션,중국,장양,
20224468,애프터 양,20220601,"드라마,SF",미국,코고나다,
20206257,브로커,20220608,드라마,한국,고레에다 히로카즈,20100450
20210843,실종,20220615,스릴러,일본,,
20223839,버즈 라이트이어,20220615,"애니메이션,액션,어드벤처",미국,앵거스 맥클레인,
20224882,마녀(魔女) Part2. The Other One,20220615,액션,한국,박훈정,"20161022,20161781,20101149"
20224757,룸 쉐어링,20220622,드라마,한국,이순성,20228870
20194376,탑건: 매버릭,20220622,액션,미국,조셉 코신스키,
20225114,극장판 윌벤져스 : 수상한 캠핑 대소동,20220623,애니메이션,한국,"신창환,류정우",20156248
20209654,헤어질 결심,20220629,"미스터리,멜로/로맨스",한국,박찬욱,20100357
20212317,컴온 컴온,20220630,드라마,미국,마이크 밀스,
19978805,큐어,20220706,공포(호러),일본,구로사와 기요시,
20211321,빅샤크4: 바다공룡 대모험,20220706,어드벤처,중국,,
20224662,토르: 러브 앤 썬더,20220706,"액션,어드벤처,판타지",미국,타이카 와이티티,
20225180,뒤틀린 집,20220713,"공포(호러),드라마,스릴러",한국,강동헌,20229125
20225237,명탐정 코난: 할로윈의 신부,20220713,애니메이션,일본,미츠나카 스스무,
20225186,더 킬러: 죽어도 되는 아이,20220713,액션,한국,최재훈,"20217061,20187041"
20225175,엘비스,20220713,드라마,미국,바즈 루어만,
20224791,그레이 맨,20220713,"액션,스릴러",미국,"안소니 루소,조 루소",
20225293,썸머 필름을 타고!,20220720,기타,일본,마츠모토 소우시,
20208446,외계+인 1부,20220720,"액션,판타지,SF",한국,최동훈,20062083
20205362,미니언즈2,20220720,"애니메이션,어드벤처,코미디",미국,카일 발다,
20209343,한산: 용의 출현,20220727,"액션,드라마",한국,김한민,20123063
20225190,뽀로로 극장판 드래곤캐슬 대모험,20220728,애니메이션,한국,"강승훈,윤제완",20020113
20196410,비상선언,20220803,드라마,한국,한재림,"20141519,20123218,20142551"
20226107,극장판 도라에몽: 진구의 우주소전쟁 리틀스타워즈 2021,20220803,애니메이션,일본,야마구치 스스무,
20224965,DC 리그 오브 슈퍼-펫,20220810,"애니메이션,액션,어드벤처",미국,"자레드 스턴,샘 레빈",
20211792,헌트,20220810,"액션,드라마",한국,이정재,"20157708,20122737"
20226034,바다 탐험대 옥토넛 : 탐험선 대작전,20220811,"애니메이션,액션,어드벤처",영국,,
20219345,놉,20220817,"미스터리,공포(호러)",미국,조던 필,
20058559,리볼버,20220818,"범죄,드라마",영국,가이 리치,
20217826,육사오(6/45),20220824,코미디,한국,박규태,"20100781,20100123"
20225448,불릿 트레인,20220824,액션,미국,데이빗 레이치,
20225892,시맨틱 에러: 더 무비,20220831,멜로/로맨스,한국,김수정,20192461
20208721,리미트,20220831,"범죄,스릴러",한국,이승준,"20204403,20218341,20142369"
20215601,공조2: 인터내셔날,20220907,"액션,코미디",한국,이석훈,"20100278,20110854"
20226879,인생은 뷰티풀: 비타돌체,20220907,"다큐멘터리,공연",한국,"김선형,오윤동",20203082
20212709,블랙폰,20220907,공포(호러),미국,스콧 데릭슨,
20226125,"어쩌다 공주, 닭냥이 왕자를 부탁해!",20220908,"애니메이션,판타지,어드벤처",프랑스,줄리앙 프루네,
20226444,극장판 엄마 까투리: 도시로 간 까투리 가족,20220908,애니메이션,한국,정길훈,20157651
20226864,비스트,20220914,"공포(호러),드라마",미국,발타자르 코루마쿠르,
20196776,프린세스 아야,20220921,"판타지,뮤지컬",한국,이성강,"20111552,20140808"
20226957,아바타 리마스터링,20220921,"SF,어드벤처,액션,전쟁",미국,제임스 카메론,
20211472,늑대사냥,20220921,"액션,범죄",한국,김홍선,"20228982,20111361"
20226751,극장판 5등분의 신부,20220922,"애니메이션,드라마",일본,진보 마사토,
20198317,인생은 아름다워,20220928,뮤지컬,한국,최국희,20124216
20219628,정직한 후보2,20220928,코미디,한국,장유정,"20100340,20063279"
20226670,극장판 헬로카봇: 수상한 마술단의 비밀,20220928,애니메이션,한국,"최신규,이슬기,정승원","20229269,20229341"
20226777,극장판 짱구는 못말려: 수수께끼! 꽃피는 천하떡잎학교,20220928,애니메이션,일본,타카하시 와타루,
20226739,고고다이노 극장판: 얼음공룡의 비밀,20221005,애니메이션,한국,이선명,20217163
20217624,컴백홈,20221005,"드라마,코미디",한국,이연우,"20205261,20142369"
20225729,스마일,20221006,"미스터리,공포(호러)",미국,파커 핀,
20226798,에브리씽 에브리웨어 올 앳 원스,20221012,"액션,코미디",미국,"다니엘 콴,다니엘 쉐이너트",
20227338,티켓 투 파라다이스,20221012,"멜로/로맨스,코미디",미국,올 파커,
20227304,오펀: 천사의 탄생,20221012,"공포(호러),스릴러",미국,윌리엄 브렌트 벨,
20208101,대무가,20221012,"드라마,코미디",한국,이한종,20169630
20227225,귀못,20221019,공포(호러),한국,탁세웅,"20114875,20217061"
20226886,블랙 아담,20221019,"액션,어드벤처,SF",미국,자움 콜렛 세라,
20226558,아인보: 아마존의 전설,20221026,애니메이션,페루,"리처드 클라우스,호세 젤라다",
20198461,리멤버,20221026,드라마,한국,이일형,20126515
20198429,자백,20221026,"범죄,스릴러",한국,윤종석,20100540
20211242,고속도로 가족,20221102,드라마,한국,이상문,"20203424,20217743"
20227751,가재가 노래하는 곳,20221102,드라마,미국,올리비아 뉴먼,
20226254,블랙 팬서: 와칸다 포에버,20221109,"액션,어드벤처,드라마",미국,라이언 쿠글러,
20228357,극장판 소드 아트 온라인 -프로그레시브- 짙은 어둠의 스케르초,20221110,"애니메이션,액션,판타지",일본,카와노 아야코,
20227514,폴: 600미터,20221116,"스릴러,액션",영국,스콧 만,
20217905,데시벨,20221116,액션,한국,황인호,"2019901,20100178"
20224598,동감,20221116,멜로/로맨스,한국,서은영,20217743
20228532,한산 리덕스,20221116,"액션,드라마",한국,김한민,20123063
20228190,스트레인지 월드,20221123,애니메이션,미국,"돈 홀,퀴 응우옌",
20228631,양자경의 더 모든 날 모든 순간,20221123,"액션,코미디",미국,"다니엘 콴,다니엘 쉐이너트",
20227762,올빼미,20221123,스릴러,한국,안태진,"20123218,20158028"
20228297,유포자들,20221123,"범죄,드라마,스릴러",한국,홍석구,"20114875,20217061"
20205106,압꾸정,20221130,"코미디,드라마",한국,임진순,"20229048,20063279,20138935"
20228313,"오늘 밤, 세계에서 이 사랑이 사라진다 해도",20221130,멜로/로맨스,일본,미키 타카히로,
20227445,원피스 필름 레드,20221130,애니메이션,일본,타니구치 고로,
20228602,엔시티 드림 더 무비 : 인 어 드림,20221130,다큐멘터리,한국,"이예지,오윤동",20203082
20210364,탄생,20221130,드라마,한국,박흥식,"20101554,20229527"
20228308,극장판 뽀로로와 친구들: 바이러스를 없애줘!,20221201,애니메이션,한국,박영균,20020113
20227885,프레이 포 더 데블,20221207,"미스터리,공포(호러)",미국,다니엘 스탬,
20228655,스페이스 키드: 우주에서 살아남기,20221207,"애니메이션,어드벤처",프랑스,에릭 토스티,
20225061,아바타: 물의 길,20221214,"액션,어드벤처,SF,스릴러",미국,제임스 카메론,
20228640,신비아파트 극장판 차원도깨비와 7개의 세계,20221214,애니메이션,한국,변영규,20110854
20196478,영웅,20221221,"드라마,뮤지컬",한국,윤제균,"20100278,20110854"
20228309,핑크퐁 시네마 콘서트 2: 원더스타 콘서트 대작전,20221221,애니메이션,한국,김수경,20192742
20228829,눈의 여왕5: 스노우 프린세스와 미러랜드의 비밀,20221222,애니메이션,기타,알렉세이 트시칠린,
20227925,몬스터 신부: 101번째 프로포즈,20221228,"애니메이션,코미디,판타지,어드벤처",헝가리,,
20210140,젠틀맨,20221228,범죄,한국,김경원,"20218082,20239821"
20215315,스위치,20230104,기타,한국,마대윤,2016841
20224109,장화신은 고양이: 끝내주는 모험,20230104,애니메이션,미국,조엘 크로포드,
20228555,더 퍼스트 슬램덩크,20230104,애니메이션,일본,이노우에 다케히코,
20228255,프린스 챠밍,20230111,"애니메이션,판타지",미국,로스 베노커,
20228895,캐리와 슈퍼콜라,20230118,애니메이션,한국,"오성윤,이춘백",20191381
20229166,라일 라일 크로커다일,20230118,"가족,뮤지컬,드라마",미국,"조쉬 고든,윌 스펙",
20190808,교섭,20230118,드라마,한국,임순례,"20061784,20137675"
20214823,유령,20230118,"드라마,액션",한국,이해영,20124216
20229205,메간,20230125,"공포(호러),스릴러,코미디",미국,제라드 존스톤,
20229551,상견니,20230125,"드라마,판타지,멜로/로맨스",대만,황천인,
20239691,방탄소년단: 옛 투 컴 인 시네마,20230201,공연,한국,오윤동,20203082
20227374,바빌론,20230201,드라마,미국,데이미언 셔젤,
20223565,다음 소희,20230208,드라마,한국,정주리,"20160021,20217189"
20228966,어메이징 모리스,20230215,"애니메이션,판타지,어드벤처",독일,토비 젠켈,
20210684,두다다쿵: 후후섬의 비밀,20230215,애니메이션,한국,"최병선,김지윤",20217823
20230209,앤트맨과 와스프: 퀀텀매니아,20230215,액션,미국,페이튼 리드,
20239573,서치 2,20230222,"미스터리,스릴러",미국,"니콜라스 D 존슨,윌 메릭",
20202026,마루이 비디오,20230222,"미스터리,공포(호러)",한국,윤준형,"20172982,20161201"
20193706,카운트,20230222,드라마,한국,권혁재,20186561
20239913,바다 탐험대 옥토넛 육지수호 대작전 : 열대우림을 지켜라!,20230223,"애니메이션,액션,어드벤처",영국,,
20208962,대외비,20230301,"범죄,드라마",한국,이원태,"20217961,20138935"
20227684,멍뭉이,20230301,드라마,한국,김주환,"20158288,20191641"
20230340,에브리씽 에브리웨어 올 앳 원스+,20230301,"액션,코미디",미국,"다니엘 콴,다니엘 쉐이너트",
20230495,아임 히어로 더 파이널,20230301,"공연,다큐멘터리",한국,오윤동,20203082
20230533,"귀멸의 칼날: 상현집결, 그리고 도공 마을로",20230302,애니메이션,일본,소토자키 하루오,
20226270,스즈메의 문단속,20230308,애니메이션,일본,신카이 마코토,
20230200,똑똑똑,20230308,"미스터리,스릴러",미국,M. 나이트 샤말란,
20230199,플레인,20230315,"액션,스릴러",미국,장-프랑소와 리셰,
20230081,샤잠! 신들의 분노,20230315,"액션,어드벤처",미국,데이비드 F. 샌드버그,
20197654,소울메이트,20230315,드라마,한국,민용근,"20203941,20239841,20161781,20114792"
20230484,치킨래빗: 잃어버린 보물을 찾아서,20230318,애니메이션,벨기에,벤 스타센,
20230767,파벨만스,20230322,드라마,미국,스티븐 스필버그,
20224780,모나리자와 블러드 문,20230322,"판타지,미스터리,스릴러",미국,애나 릴리 아미푸르,
20210544,웅남이,20230322,"코미디,액션",한국,박성광,20239677
20230641,오토라는 남자,20230329,드라마,미국,마크 포스터,
20226410,던전 앤 드래곤: 도적들의 명예,20230329,"액션,어드벤처,판타지",미국,,
20226489,리바운드,20230405,드라마,한국,장항준,"20138935,20230221"
20231010,에어,20230405,드라마,미국,벤 애플렉,
20231035,카구야 님은 고백받고 싶어 -첫 키스는 끝나지 않아-,20230406,애니메이션,일본,하타케야마 마모루,
20231009,거울 속 외딴 성,20230412,"애니메이션,미스터리,판타지",일본,하라 케이이치,
20231089,존 윅 4,20230412,액션,미국,채드 스타헬스키,
20200154,킬링 로맨스,20230414,코미디,한국,이원석,"20130188,20230131"
20231244,렌필드,20230419,"코미디,판타지,공포(호러)",미국,크리스 맥케이,
20225865,옥수역귀신,20230419,"공포(호러),미스터리",한국,정용기,20111564
20231164,무명,20230426,"스릴러,액션",중국,청어,
20227890,슈퍼 마리오 브라더스,20230426,"애니메이션,어드벤처,코미디",미국,,
20198482,드림,20230426,"코미디,드라마",한국,이병헌,"20216342,20175881"
20231496,가디언즈 오브 갤럭시: Volume 3,20230503,액션,미국,제임스 건,
20231348,극장판 짱구는 못말려: 동물소환 닌자 배꼽수비대,20230504,애니메이션,일본,하시모토 마사카즈,
20218656,롱디,20230510,"멜로/로맨스,코미디",한국,임재완,"20228853,20102062"
20231437,문재인입니다,20230510,다큐멘터리,한국,이창재,20139535
20231592,분노의 질주: 라이드 오어 다이,20230517,액션,미국,루이스 리테리어,
20231029,슬픔의 삼각형,20230517,"코미디,드라마",미국,루벤 외스틀룬드,
20231677,남은 인생 10년,20230524,멜로/로맨스,일본,후지이 미치히토,
20231839,인어공주,20230524,"뮤지컬,가족,판타지,멜로/로맨스",미국,롭 마샬,
20226411,범죄도시3,20230531,"범죄,액션",한국,이상용,"20229048,20063279,20138935"
20232025,트랜스포머: 비스트의 서막,20230606,액션,미국,스티븐 카플 주니어,20104469
20231971,플래시,20230614,액션,미국,안드레스 무시에티,
20228930,엘리멘탈,20230614,애니메이션,미국,피터 손,
20232180,스파이더맨: 어크로스 더 유니버스,20230621,애니메이션,미국,호아킴 도스 산토스,
20227654,수라,20230621,다큐멘터리,한국,황윤,"20100836,20230135"
20211937,귀공자,20230621,액션,한국,박훈정,"20161022,20161781"
20232075,명탐정코난: 하이바라 아이 이야기 ~흑철의 미스터리 트레인,20230623,애니메이션,일본,,
20232273,인디아나 존스: 운명의 다이얼,20230628,"어드벤처,액션",미국,제임스 맨골드,
20231781,애스터로이드 시티,20230628,드라마,미국,웨스 앤더슨,
20232220,"2022 영탁 단독 콘서트 ""탁쇼""",20230628,"공연,다큐멘터리",한국,송승연,20063188
20224579,악마들,20230705,"액션,스릴러",한국,김재훈,20228982
20231889,보 이즈 어프레이드,20230705,"어드벤처,공포(호러)",미국,아리 에스터,
20232570,극장판 도라에몽: 진구와 하늘의 유토피아,20230708,애니메이션,일본,,
20232631,미션 임파서블: 데드 레코닝 PART ONE,20230712,"액션,스릴러,어드벤처",미국,크리스토퍼 맥쿼리,20104469
20232740,바비,20230719,기타,미국,그레타 거윅,
20232778,인시디어스: 빨간 문,20230719,공포(호러),미국,패트릭 윌슨,
20232639,극장판 슈퍼윙스: 맥시멈 스피드,20230720,애니메이션,한국,정길훈,20157651
20232536,명탐정코난: 흑철의 어영,20230720,애니메이션,일본,타치카와 유즈루,
20218541,밀수,20230726,액션,한국,류승완,20100374
20232491,핑크퐁 시네마 콘서트3 : 진저브레드맨을 잡아라,20230726,애니메이션,한국,변희선,20192742
20193879,비공식작전,20230802,드라마,한국,김성훈,"20141672,20142550"
20232836,몬스터 패밀리 2,20230802,애니메이션,영국,호거 태프,
20218935,더 문,20230802,"SF,액션,드라마",한국,김용화,"20231183,20204141"
20204264,콘크리트 유토피아,20230809,"드라마,기타",한국,엄태화,"20203941,20110911"
20232698,바다 탐험대 옥토넛 어보브 앤 비욘드 : 육지 넘어 하늘까지!,20230810,"애니메이션,어드벤처,액션",영국,,
20192995,보호자,20230815,"액션,드라마",한국,정우성,20169408
20226500,달짝지근해: 7510,20230815,코미디,한국,이한,20139999
20233052,메가로돈 2,20230815,액션,미국,벤 휘틀리,
20226431,오펜하이머,20230815,"스릴러,드라마",미국,크리스토퍼 놀란,
20232629,마야 3: 숲속 왕국의 위기,20230824,애니메이션,독일,노엘 클리어리,
20223831,스파이 코드명 포춘,20230830,액션,미국,가이 리치,
20233569,조이 라이드,20230830,코미디,미국,,
20233075,신체모음.zip,20230830,공포(호러),한국,"최원경,전병덕,이광진,지삼,김장미,서형우","20100123,20229183,20230983"
20233014,타겟,20230830,스릴러,한국,박희곤,20175163
20224667,잠,20230906,미스터리,한국,유재선,20156868
20234044,베니스 유령 살인사건,20230913,"범죄,미스터리,스릴러,공포(호러)",미국,케네스 브래너,
20233743,아이유 콘서트 : 더 골든 아워,20230913,"공연,다큐멘터리",한국,,
20233643,닌자터틀: 뮤턴트 대소동,20230914,애니메이션,미국,,
20228016,"여름을 향한 터널, 이별의 출구",20230914,애니메이션,일본,타구치 토모히사,
20233411,그란 투리스모,20230920,액션,미국,,
20233597,아르고 원정대: 꼬마 영웅 패티의 대모험,20230921,애니메이션,프랑스,"다비드 알로,에릭 토스티",
20233235,가문의 영광: 리턴즈,20230921,코미디,한국,"정태원,정용기",20100947
20227410,천박사 퇴마 연구소: 설경의 비밀,20230927,"판타지,액션",한국,김성식,20100374
20223896,거미집,20230927,"코미디,드라마",한국,김지운,20231084
20197122,1947 보스톤,20230927,드라마,한국,강제규,"20138935,20138477"
20234281,더 넌 2,20230927,공포(호러),미국,마이클 차베즈,
20234099,극장판 엉덩이 탐정: 미스터리 가면 ~최강의 대결,20230928,애니메이션,일본,,
20233879,크리에이터,20231003,"SF,액션",미국,가렛 에드워즈,
20228819,30일,20231003,코미디,한국,남대중,20122736
20234277,사나: 저주의 아이,20231004,공포(호러),일본,시미즈 다카시,
20234253,퍼피 구조대: 더 마이티 무비,20231006,"애니메이션,어드벤처",미국,캘런 브런커,20104469
20227626,화란,20231011,드라마,한국,김창훈,20122737
20212667,화사한 그녀,20231011,코미디,한국,이승준,"20161041,20161101"
20234213,익스펜더블 4,20231018,액션,미국,스캇 워프,
20234853,엑소시스트: 믿는 자,20231018,공포(호러),미국,데이빗 고든 그린,20100603
20234663,바람 따라 만나리 : 김호중의 계절,20231018,"공연,다큐멘터리",한국,오윤동,20203082
20233178,블루 자이언트,20231018,애니메이션,일본,타치카와 유즈루,
20232894,플라워 킬링 문,20231019,"범죄,드라마",미국,마틴 스코세이지,
20234664,그대들은 어떻게 살 것인가,20231025,애니메이션,일본,미야자키 하야오,
20224517,용감한 시민,20231025,"액션,드라마",한국,박진표,"20228943,20175501"
20234666,톡 투 미,20231101,공포(호러),호주,"대니 필리푸,마이클 필리푸",
20200622,소년들,20231101,"드라마,범죄",한국,정지영,"20062550,20110854"
20235459,테일러 스위프트 디 에라스 투어,20231103,공연,미국,,
20235034,더 마블스,20231108,"액션,SF",미국,니아 다코스타,
20225894,뉴 노멀,20231108,"스릴러,드라마,코미디",한국,정범식,20231222
20234797,헝거게임: 노래하는 새와 뱀의 발라드,20231115,"액션,어드벤처,SF,스릴러",미국,프란시스 로렌스,
20235030,프레디의 피자가게,20231115,"공포(호러),스릴러",미국,엠마 타미,20100603
20234293,이빨요정 비올레타: 요정나라로 돌아갈래!,20231118,"애니메이션,판타지,어드벤처",독일,,
20212866,서울의 봄,20231122,드라마,한국,김성수,2016841
20234957,스노우 폭스: 썰매개가 될 거야!,20231123,"애니메이션,어드벤처",미국,아론 우들리,
20202247,싱글 인 서울,20231129,"멜로/로맨스,코미디",한국,박범수,"20100807,20100545,20101693"
20235261,극장판 파워 디지몬 더 비기닝,20231129,애니메이션,일본,타구치 토모히사,
20234114,괴물,20231129,"드라마,미스터리",일본,고레에다 히로카즈,
20234798,극장판 우당탕탕 은하안전단: 진정한 용기!,20231130,애니메이션,한국,정지훈,20156268
20235098,나폴레옹,20231206,"전쟁,드라마",미국,리들리 스콧,
20235697,엔시티 네이션 : 투 더 월드 인 시네마,20231206,"공연,다큐멘터리",한국,오윤동,20203082
20190324,3일의 휴가,20231206,"판타지,드라마",한국,육상효,20169189
20234673,뽀로로 극장판 슈퍼스타 대모험,20231213,애니메이션,한국,"윤제완,김성민",20020113
20235698,쏘우 X,20231213,"공포(호러),스릴러",미국,케빈 그루터트,
20235980,말하고 싶은 비밀,20231213,멜로/로맨스,일본,,
20233299,크레센도,20231220,다큐멘터리,미국,헤더 윌크,
20235735,아쿠아맨과 로스트 킹덤,20231220,"액션,어드벤처,판타지",미국,제임스 완,
20235596,트롤: 밴드 투게더,20231220,애니메이션,미국,월트 도른,
20203702,노량: 죽음의 바다,20231220,"사극,액션",한국,김한민,20123063
20236146,신차원! 짱구는 못말려 더 무비 초능력 대결전 ~날아라 수제김밥~,20231222,애니메이션,일본,오네 히토시,
20235290,도티와 영원의 탑,20231227,애니메이션,한국,"배완,양희성,박인한",20216902
20236045,"바다 탐험대 옥토넛 어보브 앤 비욘드: 버드, 옥토경보를 울려라!",20231227,애니메이션,영국,,
20236080,류이치 사카모토: 오퍼스,20231227,"공연,다큐멘터리",일본,소라 네오,
20235834,위시,20240103,애니메이션,미국,"크리스 벅,폰 비라선손",
20235253,외계+인 2부,20240110,기타,한국,최동훈,20062083
20235583,인투 더 월드,20240110,애니메이션,미국,벤자민 레너,
20235353,길위에 김대중,20240110,다큐멘터리,한국,민환기,"20100545,20191402"
20235854,덤 머니,20240117,"코미디,드라마",미국,크레이그 질레스피,
20236464,도그맨,20240124,드라마,프랑스,뤽 베송,
20206946,시민덕희,20240124,드라마,한국,박영주,"20123218,20138235"
20246964,정글번치: 월드투어,20240131,애니메이션,프랑스,,
20234730,추락의 해부,20240131,"드라마,스릴러",프랑스,쥐스틴 트리에,
20236180,웡카,20240131,"판타지,드라마",미국,폴 킹,
20247074,건국전쟁,20240201,다큐멘터리,한국,김덕영,20204101
20231415,소풍,20240207,드라마,한국,김용균,20130017
20211477,데드맨,20240207,범죄,한국,하준원,"20063202,20122494"
20212668,도그데이즈,20240207,드라마,한국,김덕민,20110854
20246966,아기상어 극장판: 사이렌 스톤의 비밀,20240207,애니메이션,미국,,
20234581,아가일,20240207,"액션,코미디",미국,매튜 본,
20247076,"귀멸의 칼날: 인연의 기적, 그리고 합동 강화 훈련으로",20240214,애니메이션,일본,소토자키 하루오,
20247063,바튼 아카데미,20240221,"코미디,드라마",미국,알렉산더 페인,
20247219,사운드 오브 프리덤,20240221,범죄,미국,알레한드로 고메즈 몬테베르드,
20234675,파묘,20240222,"미스터리,공포(호러)",한국,장재현,20100103
20236295,듄: 파트2,20240228,액션,미국,드니 빌뇌브,
20247473,아이엠 티라노,20240301,애니메이션,중국,,
20247437,브레드이발소: 셀럽 인 베이커리타운,20240301,애니메이션,한국,정지환,20241781
20234789,패스트 라이브즈,20240306,드라마,미국,셀린 송,
20236732,가여운 것들,20240306,"드라마,코미디,멜로/로맨스",미국,요르고스 란티모스,
20247782,랜드 오브 배드,20240313,"액션,전쟁",미국,윌리엄 유뱅크,
20247053,메이 디셈버,20240313,드라마,미국,토드 헤인즈,
20236488,밥 말리: 원 러브,20240313,드라마,미국,레이날도 마커스 그린,
20247962,나이트 스윔,20240320,공포(호러),미국,브라이스 맥과이어,
20236714,극장판 스파이 패밀리 코드 : 화이트,20240320,애니메이션,일본,카타기리 타카시,
20231459,탐정 말로,20240321,"범죄,액션,스릴러",아일랜드,닐 조단,
20248496,고질라 X 콩: 뉴 엠파이어,20240327,"액션,어드벤처,SF",미국,아담 윈가드,
20235838,악은 존재하지 않는다,20240327,드라마,일본,하마구치 류스케,
20231041,댓글부대,20240327,"범죄,드라마",한국,안국진,20202921
20219375,1980,20240327,드라마,한국,강승용,"20110935,20189421,20061720"
20248222,기동전사 건담 시드 프리덤,20240403,애니메이션,일본,후쿠다 미츠오,
20247673,오멘: 저주의 시작,20240403,공포(호러),미국,아르카샤 스티븐슨,
20247780,비키퍼,20240403,"액션,스릴러",미국,데이비드 에이어,
20201502,유미의 세포들 더 무비,20240403,애니메이션,한국,,"20141388,20228943"
20248586,슈가│어거스트 디 투어 ‘디-데이’ 더 무비,20240410,공연,한국,박준수,20205421
20247294,골드핑거,20240410,"범죄,액션",홍콩,장문강,
20236614,쿵푸팬더4,20240410,"애니메이션,액션,코미디",미국,"마이크 미첼,스테파니 스티네",
20248466,고스트버스터즈: 오싹한 뉴욕,20240417,"액션,어드벤처",미국,길 키넌,
20247525,드라이브,20240424,"멜로/로맨스,드라마",한국,정연,20242065
20228797,범죄도시4,20240424,"액션,범죄",한국,허명행,"20229048,20063279,20138935"
20249318,챌린저스,20240424,"드라마,멜로/로맨스",미국,루카 구아다니노,
20248493,몬스터 프렌즈,20240425,애니메이션,스페인,,
20249313,"포켓몬스터: 성도지방 이야기, 최종장",20240501,애니메이션,일본,유야마 쿠니히코,
20249133,극장판 실바니안 패밀리: 프레야의 선물,20240501,"애니메이션,가족",일본,코나카 카즈야,
20249353,꼬마참새 리차드: 신비한 보석 탐험대,20240501,애니메이션,독일,,
20235613,스턴트맨,20240501,"액션,코미디,멜로/로맨스",미국,데이빗 레이치,
20249317,악마와의 토크쇼,20240508,공포(호러),호주,,
20247783,혹성탈출: 새로운 시대,20240508,"액션,SF",미국,웨스 볼,
20249305,가필드 더 무비,20240515,애니메이션,미국,마크 딘달,
20249507,극장판 하이큐!! 쓰레기장의 결전,20240515,애니메이션,일본,미츠나카 스스무,
20236674,이프: 상상의 친구,20240515,"코미디,드라마,가족",미국,존 크래신스키,
20203557,그녀가 죽었다,20240515,"미스터리,스릴러",한국,김세휘,20103310
20249416,청춘 18X2 너에게로 이어지는 길,20240522,멜로/로맨스,대만,후지이 미치히토,
20247944,스텔라,20240522,드라마,독일,,
20236653,퓨리오사: 매드맥스 사가,20240522,액션,미국,조지 밀러,
20249845,결속밴드 라이브 -항성-,20240529,공연,일본,,
20248879,드림 시나리오,20240529,"코미디,드라마",미국,크리스토퍼 보글리,
20234045,설계자,20240529,"범죄,드라마",한국,이요섭,20100450
20191143,원더랜드,20240605,드라마,한국,김태용,"20100068,20125895"
20240195,명탐정 코난 VS 괴도 키드,20240605,애니메이션,일본,,
20247397,존 오브 인터레스트,20240605,드라마,미국,조나단 글레이저,
20240125,나쁜 녀석들: 라이드 오어 다이,20240606,"액션,코미디",미국,"아딜 엘 아르비,빌랄 팔라",
20235974,인사이드 아웃 2,20240612,애니메이션,미국,켈시 만,"20101412,20104491"
20218459,드라이브,20240612,스릴러,한국,박동희,20111289
20234413,프렌치 수프,20240619,"멜로/로맨스,드라마",프랑스,트란 안 홍,
20248465,하이재킹,20240621,"범죄,액션",한국,김성한,20140593
20208245,핸섬가이즈,20240626,코미디,한국,남동협,2016841
20247811,콰이어트 플레이스: 첫째 날,20240626,스릴러,미국,마이클 사노스키,
20240541,언더더씨: 마법 산호초를 찾아서,20240627,애니메이션,독일,,
20235926,퍼펙트 데이즈,20240703,드라마,일본,빔 벤더스,
20240926,만천과해,20240703,"범죄,스릴러",중국,천줘,
20212932,탈주,20240703,액션,한국,이종필,20124216
20240850,극장판 도라에몽: 진구의 지구 교향곡,20240710,애니메이션,일본,이마이 카즈아키,
20240735,러브 라이즈 블리딩,20240710,"범죄,멜로/로맨스",미국,로즈 글래스,
20241343,우마무스메 프리티 더비 새로운 시대의 문,20240711,애니메이션,일본,,
20208911,탈출: 프로젝트 사일런스,20240712,스릴러,한국,김태곤,"20204141,20110854"
20240781,플라이 미 투 더 문,20240712,"멜로/로맨스,코미디",미국,그랙 버랜티,
20240983,명탐정 코난: 100만 달러의 펜타그램,20240717,애니메이션,일본,나가오카 치카,20101304
20241984,2023 영탁 단독 콘서트 : 탁쇼2,20240718,공연,한국,,20063188
20247440,슈퍼배드 4,20240724,"애니메이션,액션,어드벤처,코미디",미국,크리스 리노드,
20247781,데드풀과 울버린,20240724,"액션,코미디,SF",미국,숀 레비,
20224666,파일럿,20240731,코미디,한국,김한결,"20230131,20139999"
20242098,헬로카봇 올스타 스페셜,20240731,애니메이션,한국,"이슬기,김동준",20229269
20233038,리볼버,20240807,범죄,한국,오승욱,20122737
20241924,극장총집편 봇치 더 록! 전편,20240807,애니메이션,일본,사이토 케이이치로,
20249733,사랑의 하츄핑,20240807,애니메이션,한국,김수훈,20000384
20231042,빅토리,20240814,드라마,한국,박범수,20138660
